Bedroom,Bathroom,Den,Address,Lat,Long,Price
2,2,0,"3985 Grand Park Drive, 3985 Grand Park Dr, Mississauga, ON L5B 0H8, Canada",43.5816391,-79.648193,2450
1,1,1,"361 Front St W, Toronto, ON M5V 3R5, Canada",43.6430505,-79.3916429,2150
1,1,0,"89 McGill Street, Toronto, ON, M5B 0B1",43.6606054,-79.3786354,1950
2,2,0,"10 York Street, Toronto, ON, M5J 0E1",43.6410868,-79.3814048,2900
1,1,0,"80 St Patrick St, Toronto, ON M5T 2X6, Canada",43.6524873,-79.3896218,1800
1,1,0,"87 Jameson Avenue, Toronto, ON, M6K 2W8",43.6348903,-79.4346541,1729
2,1,0,"700  Ross Street, Burlington, ON, L7S 1S2",43.3289855,-79.8086183,1685
1,1,0,"25 Telegram Mews, Toronto, ON, M5V 3Z2",43.6409179,-79.3939821,1900
1,1,0,"560 Front St W, toronto, ON, M5V 0L5",43.6413078,-79.4000933,1900
1,1,1,"70 Queens Wharf Rd 33rd Floor, Toronto, ON M5V 0J2, Canada",43.6400685,-79.3999604,2400
1,1,0,"545 - 555  Sherbourne Street, Toronto, ON, M4X 1W5",43.6684679,-79.3748336,1750
2,1,0,"545 - 555  Sherbourne Street, Toronto, ON, M4X 1W5",43.6684679,-79.3748336,2000
1,1,0,"555 Yonge St, Toronto, ON M4Y 3A6, Canada",43.6647233,-79.3840836,2200
1,1,1,"M5J, Canada",43.6408157,-79.3817523,2350
1,1,0,"295 Adelaide St W, Toronto, ON M5V 0L4, Canada",43.6476273,-79.3904081,2650
1,1,0,"191 - 201 Sherbourne, Toronto, ON, M5A 3X2",43.6567414,-79.3699948,1799
1,1,0,"191 - 201 Sherbourne, Toronto, ON, M5A 3X2",43.6567414,-79.3699948,1899
1,1,0,"89 McGill Street, Toronto, ON, M5B 0B1",43.6606054,-79.3786354,1950
2,2,0,"3985 Grand Park Drive, 3985 Grand Park Dr, Mississauga, ON L5B 0H8, Canada",43.5816391,-79.648193,2450
2,2,0,"11 Brunel Ct, Toronto, ON M5V 3Y3, Canada",43.6394055,-79.3932324,3150
2,2,0,"12 Yonge St, Toronto, ON M5E 1Z9, Canada",43.6431051,-79.375906,3200
1,1,0,"438 Richmond St W, Toronto, ON M5V 1X9, Canada",43.6480053,-79.3968338,2500
1,1,1,"12 York St, Toronto, ON M5J 2Z2, Canada",43.6418726,-79.3819064,2400
1,1,0,"7934 Kipling Ave, Woodbridge, ON L4L 1Z5, Canada",43.7831897,-79.5985666,1750
2,2,0,"York St, Toronto, ON M5J 2Z2, Canada",43.6423144,-79.3812291,3100
2,2,0,"10 Park Lawn Rd, Etobicoke, ON M8Y 3K4, Canada",43.6232891,-79.4836951,2999
1,1,0,", Toronto M3H4Z2 ON, Canada",43.7598859,-79.4431384,1250
1,1,0,"33 Gamble Ave, East York, ON M4K 2H5, Canada",43.6893623,-79.3528481,1825
1,1,1,"9 George St N, Brampton, ON L6X 0T6, Canada",43.6852857,-79.7614922,1900
2,1,0,"33 Gamble Ave, East York, ON M4K 2H5, Canada",43.6893623,-79.3528481,2245
1,1,0,"10 York Street, Toronto, ON, M5J 0E1",43.6410868,-79.3814048,2200
1,1,0,"80 St Patrick St, Toronto, ON M5T 2X6, Canada",43.6524873,-79.3896218,1800
1,1,0,"10 York Street, Toronto, ON, M5J 0E1",43.6410868,-79.3814048,2200
2,2,0,"10 York Street, Toronto, ON, M5J 0E1",43.6410868,-79.3814048,2900
1,1,0,"126 Simcoe str, Toronto Downtown M5V 1T8 ON",43.6489727,-79.3872946,2299
1,1,0,"89 McGill Street, Toronto, ON, M5B 0B1",43.6606054,-79.3786354,1950
1,1,0,"89 McGill Street, Toronto, ON, M5B 0B1",43.6606054,-79.3786354,1950
2,2,0,"10 York Street, Toronto, ON, M5J 0E1",43.6410868,-79.3814048,2900
1,1,0,"28 Linden Street, Toronto, ON, M4Y 0A4",43.670878,-79.3766958,1950
1,1,1,"832 Bay St, Toronto, ON M5S 1Z6, Canada",43.661927,-79.3865112,2250
2,1.5,0,"1375 Stephenson Dr Unit 24, Burlington, ON L7S 2M5, Canada",43.3316744,-79.8153544,2000
2,2,0,"70 Temperance St, Toronto, ON M5H 0B1, Canada",43.6505597,-79.3820722,2800
1,1,0,"70 Temperance St, Toronto, ON M5H 0B1, Canada",43.6505597,-79.3820722,1900
1,1,0,"70 Temperance St, Toronto, ON M5H 0B1, Canada",43.6505597,-79.3820722,1900
1,1,0,"Downtown Port Credit, Mississauga, ON, L5G 1G4",43.5583525,-79.5788687,1727
2,1,0,"200 Dufferin Street, Toronto, ON, M6K 1Z4",43.6371527,-79.4270923,2230
1,1,0,"392 Sherbourne Street, Toronto, ON, M4X 1K3",43.6640557,-79.3737903,1785
1,1,0,"392 Sherbourne Street, Toronto, ON, M4X 1K3",43.6640557,-79.3737903,1535
2,2,0,"10 York Street, Toronto, ON, M5J 0E1",43.6410868,-79.3814048,2900
1,1,0,"80 St Patrick St, Toronto, ON M5T 2X6, Canada",43.6524873,-79.3896218,1800
2,2,0,"12 Yonge St, Toronto, ON M5E 1Z9, Canada",43.6431051,-79.375906,3200
2,2,0,"290 Adelaide St W, Toronto, ON M5V 1P6, Canada",43.64787,-79.391138,2350
1,1,0,"200 Dufferin Street, Toronto, ON, M6K 1Z4",43.6371527,-79.4270923,1475
1,1,0,"36 Maitland Street, Toronto, ON, M4Y 1C5",43.6645808,-79.3822956,1815
1,1,0,"200 Dufferin Street, Toronto, ON, M6K 1Z4",43.6371527,-79.4270923,1755
1,1,0,"15 Merchants Wharf, Toronto, ON, M5A 0N8",43.6450775,-79.3643417,2450
1,1,0,"105 George St, Toronto, ON M5A 0L4, Canada",43.6522103,-79.3707988,2200
2,1,0,"Dunlop St E, Whitby, ON L1N, Canada",43.8792747,-78.9346733,1350
1,1,1,"224 King St W, Toronto, ON, M5H 0A6",43.6473801,-79.3872741,2400
1,1,1,"11 Brunel Ct, Toronto, ON M5V 3Y3, Canada",43.6394055,-79.3932324,2424
1,1,0,"565 Sherbourne Street, Toronto, ON, M4X 1W5",43.6701586,-79.3756379,1700
1,1,0,"545 - 555  Sherbourne Street, Toronto, ON, M4X 1W5",43.6684679,-79.3748336,1400
1,1,0,"545 - 555  Sherbourne Street, Toronto, ON, M4X 1W5",43.6684679,-79.3748336,1700
1,1,0,"171 Main Street North, Brampton, ON, L6X 0H4",43.6887398,-79.7642676,1500
2,2,0,"3985 Grand Park Drive, 3985 Grand Park Dr, Mississauga, ON L5B 0H8, Canada",43.5816391,-79.648193,2450
1,1,0,"126 Simcoe str, Toronto Downtown M5V 1T8 ON",43.6489727,-79.3872946,2299
2,2,0,"12 Yonge St, Toronto, ON M5E 1Z9, Canada",43.6431051,-79.375906,3200
1,1,0,"318 Richmond St W, Toronto, ON M5V 0B4, Canada",43.6489001,-79.392205,2550
2,2,0,"11 Brunel Ct, Toronto, ON M5V 3Y3, Canada",43.6394055,-79.3932324,3150
2,1,0,"171 Main Street North, Brampton, ON, L6X 0H4",43.6887398,-79.7642676,1775
1,1,0,"Enterprise Blvd, Markham, ON, Canada",43.8506191,-79.3193975,1750
1,1,0,"100 Harbour St, Toronto, ON M5J 1B7, Canada",43.6418064,-79.3789807,1830
1,1,0,"28 Wellesley Street East, M4Y 0C4, Toronto, ON",43.6655881,-79.383028,2000
2,1,0,"2548 Eglinton Ave W, M6M 1T1, Toronto, ON",43.6911466,-79.4714355,1850
2,1,0,"101 Sheridan Ave, Toronto, ON M6K 2G8, Canada",43.6488578,-79.4330072,1300
1,1,1,"33 Bay St, Toronto, ON M5J 2Z3, Canada",43.6426791,-79.3769938,2275
2,1,0,"Port Hope, ON, Canada",43.9491784,-78.2934468,1595
1,2,1,"10 Capreol Ct, Toronto, ON M5V 4B3, Canada",43.6402232,-79.395951,2500
2,2,0,"235 Sherway Gardens Rd, Etobicoke, ON M9C 0A2, Canada",43.6092614,-79.558998,2380
1,1,0,"14 York St, Toronto, ON M5J 0B1, Canada",43.6419081,-79.3817798,2000
2,1,0,"295 Dufferin St., Toronto, ON, M6K 1Z6",43.6403508,-79.4275216,2574
2,1,0,"295 Dufferin St., Toronto, ON, M6K 1Z6",43.6403508,-79.4275216,2591
1,1,0,"51 Guestville Ave, York, ON M6N 4N1, Canada",43.682692,-79.4888656,1295
1,1,0,"89 Chestnut St, Toronto, ON M5G 1R1, Canada",43.6541547,-79.3852113,550
2,2,0,"Front St W, Toronto, ON M5V 3S8, Canada",43.6432077,-79.39211,3200
2,2,0,"290 Adelaide St W, Toronto, ON M5V 1P6, Canada",43.64787,-79.391138,2350
2,2,0,"10 York Street, Toronto, ON, M5J 0E1",43.6410868,-79.3814048,2900
1,1,0,"10 York Street, Toronto, ON, M5J 0E1",43.6410868,-79.3814048,2200
1,1,0,"80 St Patrick St, Toronto, ON M5T 2X6, Canada",43.6524873,-79.3896218,1800
2,2,0,"3985 Grand Park Drive, 3985 Grand Park Dr, Mississauga, ON L5B 0H8, Canada",43.5816391,-79.648193,2450
2,2,0,"220 Victoria St, Toronto, ON M5B 2R6, Canada",43.6548421,-79.3792015,3099
2,2,0,"28 Wellesley St E, Toronto, ON M4Y, Canada",43.6655881,-79.383028,3700
2,2,0,"Temperance St, Toronto, ON M5H 0B1, Canada",43.6504185,-79.3817908,3000
2,1,0,", Toronto M5J 0B8 ON, Canada",43.6408157,-79.3817523,1500
2,2,0,"170 Bayview Ave, Toronto, ON M5A 0G4, Canada",43.6551919,-79.3539119,2999
1,1,0,"125 Western Battey st, M6k 3s2, Toronto, ON",43.6399343,-79.4164454,2100
2,1,0,"2386  New Street, Burlington, ON, L7R 1J7",43.336221,-79.7869004,1775
3,1.5,0,"2304  Weston Road, Toronto, ON, M9N 1Z3",43.705123,-79.5300905,2050
1,1,0,"2304  Weston Road, Toronto, ON, M9N 1Z3",43.705123,-79.5300905,1525
2,1,0,"2304  Weston Road, Toronto, ON, M9N 1Z3",43.705123,-79.5300905,1799
2,1,0,"1275  Brant St, Burlington, ON, L7P 1X7",43.3451932,-79.8261288,1875
2,1,0,"700  Ross Street, Burlington, ON, L7S 1S2",43.3289855,-79.8086183,1625
1,1,1,"361 Front St W, Toronto, ON M5V 3R5, Canada",43.6430505,-79.3916429,2150
1,1,0,"80 St Patrick St, Toronto, ON M5T 2X6, Canada",43.6524873,-79.3896218,1800
1,1,0,"10 York Street, Toronto, ON, M5J 0E1",43.6410868,-79.3814048,2200
1,1,0,"126 Simcoe str, Toronto Downtown M5V 1T8 ON",43.6489727,-79.3872946,2299
2,2,0,"3985 Grand Park Drive, 3985 Grand Park Dr, Mississauga, ON L5B 0H8, Canada",43.5816391,-79.648193,2450
1,1,0,"50 Charles St E, Toronto, ON M4Y 1T1, Canada",43.6695496,-79.3837757,2000
1,1,0,"87 Peter St, Toronto, ON M5V 0P1, Canada",43.6469441,-79.3923973,2100
2,2,0,"3985 Grand Park Drive, 3985 Grand Park Dr, Mississauga, ON L5B 0H8, Canada",43.5816391,-79.648193,2300
2,2,0,"120 Homewood Ave, Toronto, ON M4Y 1J3, Canada",43.6667515,-79.3762355,4100
1,1,0,", M5G2E8, Toronto, ON",43.6550692,-79.3874705,1200
2,2,0,"m1s0l7, Canada",43.7800331,-79.2810545,2184
2,2,0,"2155 Burnhamthorpe Rd W, Mississauga, ON L5L 5P4, Canada",43.5464869,-79.6854157,2350
1,1,0,"3525 Kariya Dr, Mississauga, ON L5B 0C1, Canada",43.588602,-79.6317004,1900
1,1,0,"M4L1G3, Canada",43.6669887,-79.3146912,1100
2,2,0,"3985 Grand Park Drive, 3985 Grand Park Dr, Mississauga, ON L5B 0H8, Canada",43.5816391,-79.648193,2450
1,1,0,"126 Simcoe str, Toronto Downtown M5V 1T8 ON",43.6489727,-79.3872946,2299
2,2,0,"11 Brunel Ct, Toronto, ON M5V 3Y3, Canada",43.6394055,-79.3932324,3150
1,1,1,"361 Front St W, Toronto, ON M5V 3R5, Canada",43.6430505,-79.3916429,2150
1,1,0,"Water Walk Dr, Markham, ON L3R, Canada",43.85631,-79.3286298,1800
1,1,1,"52 Sumach St, Toronto, ON M5A 3J7, Canada",43.6559879,-79.3588769,3200
1,1,1,"12 York St, Toronto, ON M5J 2Z2, Canada",43.6418726,-79.3819064,2400
1,1,0,", DOWNTOWN M5V 4A9 ON, Canada",43.640402,-79.3971467,2100
1,1,0,"460 Adelaide St E, Toronto, ON, M4V 1K6",43.6527574,-79.3665108,2480
1,1,1,"1 The Esplanade, Toronto, ON, M5E 0A8",43.6458091,-79.3756819,3000
1,1,0,"560 King St W, Toronto, ON, M4V 1K6",43.6448637,-79.3990598,2250
1,1,0,"290 Adelaide Street West, Toronto, ON, M5V 1P6",43.64787,-79.391138,1850
2,1,0,"2386  New Street, Burlington, ON, L7R 1J7",43.336221,-79.7869004,1750
1,1,0,"101 Charles St, TORONTO, ON, M4Y 1V2",43.6695928,-79.3805797,535000
2,1,0,"700  Ross Street, Burlington, ON, L7S 1S2",43.3289855,-79.8086183,1675
2,2,0,"1 The Esplanade, Toronto, ON, M5E 0A8",43.6458091,-79.3756819,3400
1,1,0,"1 SHAW ST, TORONTO, ON, M6K 0A1",43.6408455,-79.4143193,2180
1,1,0,"The Uptown Residences, 35 Balmuto St, Toronto, ON M4Y 0A3, Canada",43.6694507,-79.3874705,2550
1,1,1,", L3R9X3, markham, ON",43.8413607,-79.3201494,1900
1,1,0,", L6G0G3, markham, ON",43.8561002,-79.3370188,1800
1,1,1,"70 Queens Wharf Rd, Toronto, ON M5V 0E4, Canada",43.6385213,-79.3994638,2300
1,1,0,"365 Church St, Toronto, ON M5B 1Z9, Canada",43.660846,-79.3787556,2250
2,2,0,"12 Yonge St, Toronto, ON M5E 1Z9, Canada",43.6431051,-79.375906,3200
1,1,0,"10 York Street, Toronto, ON, M5J 0E1",43.6410868,-79.3814048,2200
2,2,0,"3985 Grand Park Drive, 3985 Grand Park Dr, Mississauga, ON L5B 0H8, Canada",43.5816391,-79.648193,2450
1,1,0,"126 Simcoe str, Toronto Downtown M5V 1T8 ON",43.6489727,-79.3872946,2299
1,1,0,"318 Richmond St W, Toronto, ON M5V 0B4, Canada",43.6489001,-79.392205,2550
1,1,0,"88 Scott St, Toronto, ON M5E 1X6, Canada",43.6485726,-79.3762754,1900
1,1,0,"28 Church St W, Acton, ON L7J 1X4, Canada",43.6281687,-80.041462,1175
2,2,0,"8081 Birchmount Rd, Markham, ON L6G 1B3, Canada",43.8497521,-79.3246663,2300
1,1,0,"255 Richmond St E, Toronto, ON M5A 4T7, Canada",43.653075,-79.370179,2000
1,1,1,"1512 Dufferin Street, M6H3L4, Toronto, ON",43.6739944,-79.441685,1650
2,1,0,"170 Sudbury St, Toronto, ON M6J 0A9, Canada",43.6415686,-79.4246028,2889
2,2,0,"89 McGill St, Toronto, ON M5B 1H3, Canada",43.6606054,-79.3786354,2800
1,1,0,"# Dundas st w, Denison ave and Dundas st w M5T 2N3 ON, Canada",43.6520426,-79.4022416,1300
2,1,0,"211 Simcoe St S, Oshawa, ON L1H 4H2, Canada",43.8920474,-78.860868,1250
1,1,0,"M6J1T8, Canada",43.6522978,-79.4069977,1300
2,1,0,"2386  New Street, Burlington, ON, L7R 1J7",43.336221,-79.7869004,1750
1,1,1,"70 Queens Wharf Rd, Toronto, ON M5V 0J2, Canada",43.6400685,-79.3999604,2400
1,1,0,"89 McGill St, Toronto, ON M5B 1H3, Canada",43.6606054,-79.3786354,2000
2,2,0,"3985 Grand Park Drive, 3985 Grand Park Dr, Mississauga, ON L5B 0H8, Canada",43.5816391,-79.648193,2450
1,1,0,"126 Simcoe str, Toronto Downtown M5V 1T8 ON",43.6489727,-79.3872946,2299
1,1,0,"89 McGill Street, Toronto, ON, M5B 0B1",43.6606054,-79.3786354,1950
2,2,0,"10 York Street, Toronto, ON, M5J 0E1",43.6410868,-79.3814048,2900
1,1,0,"28 Linden Street, Toronto, ON, M4Y 0A4",43.670878,-79.3766958,1950
1,1,1,"832 Bay St, Toronto, ON M5S 1Z6, Canada",43.661927,-79.3865112,2250
2,1.5,0,"1375 Stephenson Dr Unit 24, Burlington, ON L7S 2M5, Canada",43.3316744,-79.8153544,2000
2,2,0,"70 Temperance St, Toronto, ON M5H 0B1, Canada",43.6505597,-79.3820722,2800
1,1,0,"70 Temperance St, Toronto, ON M5H 0B1, Canada",43.6505597,-79.3820722,1900
1,1,0,"70 Temperance St, Toronto, ON M5H 0B1, Canada",43.6505597,-79.3820722,1900
1,1,0,"Downtown Port Credit, Mississauga, ON, L5G 1G4",43.5583525,-79.5788687,1727
2,1,0,"200 Dufferin Street, Toronto, ON, M6K 1Z4",43.6371527,-79.4270923,2230
1,1,0,"392 Sherbourne Street, Toronto, ON, M4X 1K3",43.6640557,-79.3737903,1785
1,1,0,"392 Sherbourne Street, Toronto, ON, M4X 1K3",43.6640557,-79.3737903,1535
2,2,0,"10 York Street, Toronto, ON, M5J 0E1",43.6410868,-79.3814048,2900
1,1,0,"80 St Patrick St, Toronto, ON M5T 2X6, Canada",43.6524873,-79.3896218,1800
2,2,0,"12 Yonge St, Toronto, ON M5E 1Z9, Canada",43.6431051,-79.375906,3200
2,2,0,"290 Adelaide St W, Toronto, ON M5V 1P6, Canada",43.64787,-79.391138,2350
1,1,0,"200 Dufferin Street, Toronto, ON, M6K 1Z4",43.6371527,-79.4270923,1475
1,1,0,"36 Maitland Street, Toronto, ON, M4Y 1C5",43.6645808,-79.3822956,1815
1,1,0,"200 Dufferin Street, Toronto, ON, M6K 1Z4",43.6371527,-79.4270923,1755
1,1,0,"15 Merchants Wharf, Toronto, ON, M5A 0N8",43.6450775,-79.3643417,2450
1,1,0,"105 George St, Toronto, ON M5A 0L4, Canada",43.6522103,-79.3707988,2200
2,1,0,"Dunlop St E, Whitby, ON L1N, Canada",43.8792747,-78.9346733,1350
1,1,1,"224 King St W, Toronto, ON, M5H 0A6",43.6473801,-79.3872741,2400
1,1,1,"11 Brunel Ct, Toronto, ON M5V 3Y3, Canada",43.6394055,-79.3932324,2424
1,1,0,"565 Sherbourne Street, Toronto, ON, M4X 1W5",43.6701586,-79.3756379,1700
1,1,0,"545 - 555  Sherbourne Street, Toronto, ON, M4X 1W5",43.6684679,-79.3748336,1400
1,1,0,"545 - 555  Sherbourne Street, Toronto, ON, M4X 1W5",43.6684679,-79.3748336,1700
1,1,0,"171 Main Street North, Brampton, ON, L6X 0H4",43.6887398,-79.7642676,1500
2,2,0,"3985 Grand Park Drive, 3985 Grand Park Dr, Mississauga, ON L5B 0H8, Canada",43.5816391,-79.648193,2450
1,1,0,"126 Simcoe str, Toronto Downtown M5V 1T8 ON",43.6489727,-79.3872946,2299
1,1,0,"318 Richmond St W, Toronto, ON M5V 0B4, Canada",43.6489001,-79.392205,2550
2,2,0,"11 Brunel Ct, Toronto, ON M5V 3Y3, Canada",43.6394055,-79.3932324,3150
2,1,0,"171 Main Street North, Brampton, ON, L6X 0H4",43.6887398,-79.7642676,1775
1,1,0,"Enterprise Blvd, Markham, ON, Canada",43.8506191,-79.3193975,1750
1,1,0,"100 Harbour St, Toronto, ON M5J 1B7, Canada",43.6418064,-79.3789807,1830
1,1,0,"28 Wellesley Street East, M4Y 0C4, Toronto, ON",43.6655881,-79.383028,2000
2,1,0,"2548 Eglinton Ave W, M6M 1T1, Toronto, ON",43.6911466,-79.4714355,1850
2,1,0,"101 Sheridan Ave, Toronto, ON M6K 2G8, Canada",43.6488578,-79.4330072,1300
1,1,1,"33 Bay St, Toronto, ON M5J 2Z3, Canada",43.6426791,-79.3769938,2275
2,1,0,"Port Hope, ON, Canada",43.9491784,-78.2934468,1595
1,2,1,"10 Capreol Ct, Toronto, ON M5V 4B3, Canada",43.6402232,-79.395951,2500
2,2,0,"235 Sherway Gardens Rd, Etobicoke, ON M9C 0A2, Canada",43.6092614,-79.558998,2380
1,1,0,"14 York St, Toronto, ON M5J 0B1, Canada",43.6419081,-79.3817798,2000
2,1,0,"295 Dufferin St., Toronto, ON, M6K 1Z6",43.6403508,-79.4275216,2574
2,1,0,"295 Dufferin St., Toronto, ON, M6K 1Z6",43.6403508,-79.4275216,2591
1,1,0,"51 Guestville Ave, York, ON M6N 4N1, Canada",43.682692,-79.4888656,1295
1,1,0,"89 Chestnut St, Toronto, ON M5G 1R1, Canada",43.6541547,-79.3852113,550
2,2,0,"Front St W, Toronto, ON M5V 3S8, Canada",43.6432077,-79.39211,3200
1,1,0,"10 York Street, Toronto, ON, M5J 0E1",43.6410868,-79.3814048,2200
2,2,0,"220 Victoria St, Toronto, ON M5B 2R6, Canada",43.6548421,-79.3792015,3099
2,2,0,"28 Wellesley St E, Toronto, ON M4Y, Canada",43.6655881,-79.383028,3700
2,2,0,"Temperance St, Toronto, ON M5H 0B1, Canada",43.6504185,-79.3817908,3000
2,1,0,", Toronto M5J 0B8 ON, Canada",43.6408157,-79.3817523,1500
2,2,0,"170 Bayview Ave, Toronto, ON M5A 0G4, Canada",43.6551919,-79.3539119,2999
1,1,0,"125 Western Battey st, M6k 3s2, Toronto, ON",43.6399343,-79.4164454,2100
2,1,0,"2386  New Street, Burlington, ON, L7R 1J7",43.336221,-79.7869004,1775
3,1.5,0,"2304  Weston Road, Toronto, ON, M9N 1Z3",43.705123,-79.5300905,2050
1,1,0,"2304  Weston Road, Toronto, ON, M9N 1Z3",43.705123,-79.5300905,1525
2,1,0,"2304  Weston Road, Toronto, ON, M9N 1Z3",43.705123,-79.5300905,1799
2,1,0,"1275  Brant St, Burlington, ON, L7P 1X7",43.3451932,-79.8261288,1875
2,1,0,"700  Ross Street, Burlington, ON, L7S 1S2",43.3289855,-79.8086183,1625
1,1,1,"361 Front St W, Toronto, ON M5V 3R5, Canada",43.6430505,-79.3916429,2150
1,1,0,"50 Charles St E, Toronto, ON M4Y 1T1, Canada",43.6695496,-79.3837757,2000
1,1,0,"87 Peter St, Toronto, ON M5V 0P1, Canada",43.6469441,-79.3923973,2100
2,2,0,"3985 Grand Park Drive, 3985 Grand Park Dr, Mississauga, ON L5B 0H8, Canada",43.5816391,-79.648193,2300
2,2,0,"120 Homewood Ave, Toronto, ON M4Y 1J3, Canada",43.6667515,-79.3762355,4100
1,1,0,", M5G2E8, Toronto, ON",43.6550692,-79.3874705,1200
2,2,0,"m1s0l7, Canada",43.7800331,-79.2810545,2184
2,2,0,"2155 Burnhamthorpe Rd W, Mississauga, ON L5L 5P4, Canada",43.5464869,-79.6854157,2350
1,1,0,"3525 Kariya Dr, Mississauga, ON L5B 0C1, Canada",43.588602,-79.6317004,1900
1,1,0,"M4L1G3, Canada",43.6669887,-79.3146912,1100
1,1,0,"Water Walk Dr, Markham, ON L3R, Canada",43.85631,-79.3286298,1800
1,1,1,"52 Sumach St, Toronto, ON M5A 3J7, Canada",43.6559879,-79.3588769,3200
1,1,1,"12 York St, Toronto, ON M5J 2Z2, Canada",43.6418726,-79.3819064,2400
1,1,0,", DOWNTOWN M5V 4A9 ON, Canada",43.640402,-79.3971467,2100
1,1,0,"460 Adelaide St E, Toronto, ON, M4V 1K6",43.6527574,-79.3665108,2480
1,1,1,"1 The Esplanade, Toronto, ON, M5E 0A8",43.6458091,-79.3756819,3000
1,1,0,"560 King St W, Toronto, ON, M4V 1K6",43.6448637,-79.3990598,2250
1,1,0,"290 Adelaide Street West, Toronto, ON, M5V 1P6",43.64787,-79.391138,1850
2,1,0,"2386  New Street, Burlington, ON, L7R 1J7",43.336221,-79.7869004,1750
1,1,0,"101 Charles St, TORONTO, ON, M4Y 1V2",43.6695928,-79.3805797,535000
2,1,0,"700  Ross Street, Burlington, ON, L7S 1S2",43.3289855,-79.8086183,1675
2,2,0,"1 The Esplanade, Toronto, ON, M5E 0A8",43.6458091,-79.3756819,3400
1,1,0,"1 SHAW ST, TORONTO, ON, M6K 0A1",43.6408455,-79.4143193,2180
1,1,0,"The Uptown Residences, 35 Balmuto St, Toronto, ON M4Y 0A3, Canada",43.6694507,-79.3874705,2550
1,1,1,", L3R9X3, markham, ON",43.8413607,-79.3201494,1900
1,1,0,", L6G0G3, markham, ON",43.8561002,-79.3370188,1800
1,1,1,"70 Queens Wharf Rd, Toronto, ON M5V 0E4, Canada",43.6385213,-79.3994638,2300
1,1,0,"365 Church St, Toronto, ON M5B 1Z9, Canada",43.660846,-79.3787556,2250
1,1,0,"88 Scott St, Toronto, ON M5E 1X6, Canada",43.6485726,-79.3762754,1900
1,1,0,"28 Church St W, Acton, ON L7J 1X4, Canada",43.6281687,-80.041462,1175
2,2,0,"8081 Birchmount Rd, Markham, ON L6G 1B3, Canada",43.8497521,-79.3246663,2300
1,1,0,"255 Richmond St E, Toronto, ON M5A 4T7, Canada",43.653075,-79.370179,2000
1,1,1,"1512 Dufferin Street, M6H3L4, Toronto, ON",43.6739944,-79.441685,1650
2,1,0,"170 Sudbury St, Toronto, ON M6J 0A9, Canada",43.6415686,-79.4246028,2889
2,2,0,"89 McGill St, Toronto, ON M5B 1H3, Canada",43.6606054,-79.3786354,2800
1,1,0,"# Dundas st w, Denison ave and Dundas st w M5T 2N3 ON, Canada",43.6520426,-79.4022416,1300
2,1,0,"211 Simcoe St S, Oshawa, ON L1H 4H2, Canada",43.8920474,-78.860868,1250
1,1,0,"M6J1T8, Canada",43.6522978,-79.4069977,1300
2,1,0,"2386  New Street, Burlington, ON, L7R 1J7",43.336221,-79.7869004,1750
1,1,1,"70 Queens Wharf Rd, Toronto, ON M5V 0J2, Canada",43.6400685,-79.3999604,2400
1,1,0,"89 McGill St, Toronto, ON M5B 1H3, Canada",43.6606054,-79.3786354,2000
1,1,0,"89 McGill Street, Toronto, ON, M5B 0B1",43.6606054,-79.3786354,1950
1,1,0,"424 Yonge Street, Toronto, ON, M5B 2H3",43.660269,-79.3828002,2450
2,2,0,"424 Yonge Street, Toronto, ON, M5B 2H3",43.660269,-79.3828002,3450
1,1,0,"386 Yonge St, Toronto, ON M5G 2K2, Canada",43.659329,-79.3826747,2350
2,2,0,", toronto M5B1E4 ON, Canada",43.6567332,-79.375154,2900
1,1,1,", Mississauga L5B 0G6 ON, Canada",43.5897603,-79.6484562,2200
1,1,0,"87 PETER ST, M5V0P1, TORONTO, ON",43.6469441,-79.3923973,1850
1,1,1,", Mississauga  L5H3B2 ON, Canada",43.5340709,-79.6245936,2150
1,1,0,"120 Bayview Ave., M5A 0G4, Toronto, ON",43.653978,-79.3541341,1900
1,1,0,"51 E Liberty St, Toronto M6K 3P8 ON",43.6387003,-79.4121833,2200
3,2,0,"M5B0A5, Canada",56.130366,-106.346771,4000
3,2,0,", M5V 2G4, Toronto, ON",43.6467641,-79.3922208,3200
1,1,0,"300 Front St W, M5E 0E9, Toronto, ON",43.6441737,-79.3894209,2500
1,1.5,0,"k , Toronto m8v 2t8 ON, Canada",43.6070571,-79.4949066,1200
1,1,0,", Toronto m5e0a8 ON",43.645271,-79.3763951,2600
1,1,1,"Iceboat Terr, Toronto, ON M5V 4A9, Canada",43.6406042,-79.3971881,1750
2,2,0,"101 Charles St E, Toronto, ON M4Y 0A9, Canada",43.6695928,-79.3805797,3575
2,1,0,"75 Queens Wharf Rd, Toronto, ON M5V 0J8, Canada",43.6383175,-79.3977947,3200
2,1,0,"87 Peter St, Toronto, ON M5V 0P1, Canada",43.6469441,-79.3923973,2500
1,1,0,"89 McGill St, Toronto, ON M5B 1H3, Canada",43.6606054,-79.3786354,1850
1,1,0,"87 Peter Street, Toronto, ON, M5V 0P1",43.6469441,-79.3923973,2100
1,1,0,"455 Maple Ave, Burlington, ON, L7S 1M1",43.3202733,-79.8031017,1575
1,1,0,"89 McGill Street, Toronto, ON, M5B 0B1",43.6606054,-79.3786354,1950
1,1,0,"44 St Joseph Street, Toronto, ON, M4Y 2W4",43.6660964,-79.3873217,2400
1,2,1,", North York M2j0a9 ON, Canada",43.7749828,-79.3450961,2000
2,2,0,"540 Sherbourne St, Toronto, ON M4X 1L2, Canada",43.6691457,-79.3759018,2000
1,1,0,"540 Sherbourne St, Toronto, ON M4X 1L2, Canada",43.6691457,-79.3759018,1650
1,1,0,"540 Sherbourne St, Toronto, ON M4X 1L2, Canada",43.6691457,-79.3759018,1550
2,1.5,0,"63 Drew St, Oshawa, ON L1H 5A2, Canada",43.8975848,-78.8553098,1250
1,2,1,", Mississauga L5B4M2 ON, Canada",43.5904968,-79.6329287,2150
1,1,1,"150 Fairview Mall Dr, North York, ON M2J 2Z2, Canada",43.7799939,-79.3446008,1600
3,1.5,0,"19 Sudbury St, Toronto, ON M6J 3W6, Canada",43.6411088,-79.419448,3450
1,1,1,"One King Street West, 1 King St W, Toronto, ON M5H 1A1, Canada",43.64894,-79.378086,2950
2,1,0,"63 Drew St, Oshawa, ON L1H 5A2, Canada",43.8975848,-78.8553098,1350
2,1,0,"333 Adelaide St E, Toronto, ON M5A 4V1, Canada",43.6519582,-79.3688547,2550
1,1,0,"600 Queens Quay W, Toronto, ON M5V 3M3, Canada",43.6367593,-79.3978503,1900
1,1,1,", Toronto m8v0b2 ON, Canada",43.6216017,-79.4828681,2450
1,1,1,"38 Grenville, TORONTO M4Y1A5 ON",43.6618956,-79.3857479,2500
1,1,0,", Toronto M5J 2H2 ON, Canada",43.6400577,-79.379201,2800
1,1,0,"111 Upper Duke, Makrham L6G0C6 ON",43.8516467,-79.326656,1600
1,1,1,"200 Sackville St, Toronto, ON M5A 3H1, Canada",43.658981,-79.362919,2099
1,1,1,"424 Adelaide St E, Toronto, ON M5A 1N4, Canada",43.6525764,-79.3670659,2350
1,1,1,"424 Adelaide St E, Toronto, ON M5A 1N4, Canada",43.6525764,-79.3670659,2350
1,1,0,"320 Lonsdale Road, Toronto, ON, M4V 1X4",43.6888971,-79.4119836,1617
2,1,0,"86 Park Rd S, Oshawa, ON L1J 4G9, Canada",43.8929835,-78.8727317,1500
1,1,0,"80 Kensington Ave, Toronto, ON M5T 1M1, Canada",43.6547577,-79.4008271,1750
1,1,0,"Peter St, Toronto, ON M5V 0P1, Canada",43.647632,-79.3929626,2100
1,1,0,"89 McGill Street, Toronto, ON, M5B 0B1",43.6606054,-79.3786354,1950
2,2,0,"39 Upper Duke Cres., L6G 0B8, Markham, ON",43.8499379,-79.3275055,2150
2,2,0,"M5J2Z2, Canada",43.6421671,-79.3819283,2800
2,1.5,0,"1375 Stephenson Dr Unit 24, Burlington, ON L7S 2M5, Canada",43.3316744,-79.8153544,2000
2,2,0,"70 Temperance St, Toronto, ON M5H 0B1, Canada",43.6505597,-79.3820722,2800
1,1,0,"70 Temperance St, Toronto, ON M5H 0B1, Canada",43.6505597,-79.3820722,1900
1,1,0,"70 Temperance St, Toronto, ON M5H 0B1, Canada",43.6505597,-79.3820722,1900
1,1,0,"15 Merchants Wharf, Toronto, ON, M5A 0N8",43.6450775,-79.3643417,2450
1,1,0,"105 George St, Toronto, ON M5A 0L4, Canada",43.6522103,-79.3707988,2200
2,1,0,"Dunlop St E, Whitby, ON L1N, Canada",43.8792747,-78.9346733,1350
1,1,1,"224 King St W, Toronto, ON, M5H 0A6",43.6473801,-79.3872741,2400
1,1,1,"11 Brunel Ct, Toronto, ON M5V 3Y3, Canada",43.6394055,-79.3932324,2424
1,1,0,"565 Sherbourne Street, Toronto, ON, M4X 1W5",43.6701586,-79.3756379,1700
1,1,0,"545 - 555  Sherbourne Street, Toronto, ON, M4X 1W5",43.6684679,-79.3748336,1400
1,1,0,"545 - 555  Sherbourne Street, Toronto, ON, M4X 1W5",43.6684679,-79.3748336,1700
1,1,0,"171 Main Street North, Brampton, ON, L6X 0H4",43.6887398,-79.7642676,1500
2,1,0,"171 Main Street North, Brampton, ON, L6X 0H4",43.6887398,-79.7642676,1775
1,1,0,"100 Harbour St, Toronto, ON M5J 1B7, Canada",43.6418064,-79.3789807,1830
1,1,0,"28 Wellesley Street East, M4Y 0C4, Toronto, ON",43.6655881,-79.383028,2000
2,1,0,"2548 Eglinton Ave W, M6M 1T1, Toronto, ON",43.6911466,-79.4714355,1850
2,1,0,"101 Sheridan Ave, Toronto, ON M6K 2G8, Canada",43.6488578,-79.4330072,1300
1,1,1,"33 Bay St, Toronto, ON M5J 2Z3, Canada",43.6426791,-79.3769938,2275
1,1,0,"96 St Patrick St, Toronto, ON M5T 1V2, Canada",43.6531643,-79.3900311,2480
2,2,0,"290 Adelaide St W, Toronto, ON M5V 1P6, Canada",43.64787,-79.391138,2350
2,2,0,"12 Yonge St, Toronto, ON M5E 1Z9, Canada",43.6431051,-79.375906,3200
2,1,0,"Port Hope, ON, Canada",43.9491784,-78.2934468,1595
1,2,1,"10 Capreol Ct, Toronto, ON M5V 4B3, Canada",43.6402232,-79.395951,2500
2,2,0,"235 Sherway Gardens Rd, Etobicoke, ON M9C 0A2, Canada",43.6092614,-79.558998,2380
1,1,0,"14 York St, Toronto, ON M5J 0B1, Canada",43.6419081,-79.3817798,2000
2,1,0,"295 Dufferin St., Toronto, ON, M6K 1Z6",43.6403508,-79.4275216,2574
2,1,0,"295 Dufferin St., Toronto, ON, M6K 1Z6",43.6403508,-79.4275216,2591
1,1,0,"51 Guestville Ave, York, ON M6N 4N1, Canada",43.682692,-79.4888656,1295
1,1,0,"89 Chestnut St, Toronto, ON M5G 1R1, Canada",43.6541547,-79.3852113,550
2,2,0,"220 Victoria St, Toronto, ON M5B 2R6, Canada",43.6548421,-79.3792015,3099
2,2,0,"28 Wellesley St E, Toronto, ON M4Y, Canada",43.6655881,-79.383028,3700
2,1,0,", Toronto M5J 0B8 ON, Canada",43.6408157,-79.3817523,1500
2,2,0,"170 Bayview Ave, Toronto, ON M5A 0G4, Canada",43.6551919,-79.3539119,2999
1,1,0,"125 Western Battey st, M6k 3s2, Toronto, ON",43.6399343,-79.4164454,2100
3,1.5,0,"2304  Weston Road, Toronto, ON, M9N 1Z3",43.705123,-79.5300905,2050
1,1,0,"2304  Weston Road, Toronto, ON, M9N 1Z3",43.705123,-79.5300905,1525
2,1,0,"2304  Weston Road, Toronto, ON, M9N 1Z3",43.705123,-79.5300905,1799
2,1,0,"1275  Brant St, Burlington, ON, L7P 1X7",43.3451932,-79.8261288,1875
2,1,0,"700  Ross Street, Burlington, ON, L7S 1S2",43.3289855,-79.8086183,1625
1,1,1,"70 Queens Wharf Rd 33rd Floor, Toronto, ON M5V 0J2, Canada",43.6400685,-79.3999604,2400
1,1,0,"24 Wellesley St W, Toronto, ON M4Y 2X6, Canada",43.6648437,-79.3859297,2500
2,1,0,"375 King St W, Toronto, ON M5V 1K1, Canada",43.645641,-79.3929534,1900
1,1,0,"10 York Street, Toronto, ON, M5J 0E1",43.6410868,-79.3814048,2200
1,1,0,"295 Adelaide St W, Toronto, ON M5V 0L4, Canada",43.6476273,-79.3904081,2650
1,1,0,"50 Charles St E, Toronto, ON M4Y 1T1, Canada",43.6695496,-79.3837757,2000
2,2,0,"3985 Grand Park Drive, 3985 Grand Park Dr, Mississauga, ON L5B 0H8, Canada",43.5816391,-79.648193,2300
1,1,0,", M5G2E8, Toronto, ON",43.6550692,-79.3874705,1200
2,2,0,"m1s0l7, Canada",43.7800331,-79.2810545,2184
2,2,0,"2155 Burnhamthorpe Rd W, Mississauga, ON L5L 5P4, Canada",43.5464869,-79.6854157,2350
1,1,0,"3525 Kariya Dr, Mississauga, ON L5B 0C1, Canada",43.588602,-79.6317004,1900
1,1,0,"M4L1G3, Canada",43.6669887,-79.3146912,1100
1,1,0,"Water Walk Dr, Markham, ON L3R, Canada",43.85631,-79.3286298,1800
1,1,1,"52 Sumach St, Toronto, ON M5A 3J7, Canada",43.6559879,-79.3588769,3200
1,1,1,"12 York St, Toronto, ON M5J 2Z2, Canada",43.6418726,-79.3819064,2400
1,1,0,", DOWNTOWN M5V 4A9 ON, Canada",43.640402,-79.3971467,2100
1,1,0,"460 Adelaide St E, Toronto, ON, M4V 1K6",43.6527574,-79.3665108,2480
1,1,1,"1 The Esplanade, Toronto, ON, M5E 0A8",43.6458091,-79.3756819,3000
1,1,0,"560 King St W, Toronto, ON, M4V 1K6",43.6448637,-79.3990598,2250
1,1,0,"290 Adelaide Street West, Toronto, ON, M5V 1P6",43.64787,-79.391138,1850
2,1,0,"2386  New Street, Burlington, ON, L7R 1J7",43.336221,-79.7869004,1750
1,1,0,"101 Charles St, TORONTO, ON, M4Y 1V2",43.6695928,-79.3805797,535000
2,2,0,"1 The Esplanade, Toronto, ON, M5E 0A8",43.6458091,-79.3756819,3400
1,1,0,"1 SHAW ST, TORONTO, ON, M6K 0A1",43.6408455,-79.4143193,2180
1,1,0,"The Uptown Residences, 35 Balmuto St, Toronto, ON M4Y 0A3, Canada",43.6694507,-79.3874705,2550
1,1,1,", L3R9X3, markham, ON",43.8413607,-79.3201494,1900
1,1,0,", L6G0G3, markham, ON",43.8561002,-79.3370188,1800
1,1,1,"70 Queens Wharf Rd, Toronto, ON M5V 0E4, Canada",43.6385213,-79.3994638,2300
1,1,0,"365 Church St, Toronto, ON M5B 1Z9, Canada",43.660846,-79.3787556,2250
1,1,0,"88 Scott St, Toronto, ON M5E 1X6, Canada",43.6485726,-79.3762754,1900
1,1,0,"28 Church St W, Acton, ON L7J 1X4, Canada",43.6281687,-80.041462,1175
2,2,0,"8081 Birchmount Rd, Markham, ON L6G 1B3, Canada",43.8497521,-79.3246663,2300
1,1,0,"255 Richmond St E, Toronto, ON M5A 4T7, Canada",43.653075,-79.370179,2000
1,1,1,"1512 Dufferin Street, M6H3L4, Toronto, ON",43.6739944,-79.441685,1650
2,1,0,"170 Sudbury St, Toronto, ON M6J 0A9, Canada",43.6415686,-79.4246028,2889
2,2,0,"89 McGill St, Toronto, ON M5B 1H3, Canada",43.6606054,-79.3786354,2800
1,1,0,"# Dundas st w, Denison ave and Dundas st w M5T 2N3 ON, Canada",43.6520426,-79.4022416,1300
2,1,0,"211 Simcoe St S, Oshawa, ON L1H 4H2, Canada",43.8920474,-78.860868,1250
1,1,0,"M6J1T8, Canada",43.6522978,-79.4069977,1300
2,1,0,"2386  New Street, Burlington, ON, L7R 1J7",43.336221,-79.7869004,1750
1,1,1,"70 Queens Wharf Rd, Toronto, ON M5V 0J2, Canada",43.6400685,-79.3999604,2400
1,1,0,"89 McGill St, Toronto, ON M5B 1H3, Canada",43.6606054,-79.3786354,2000
1,1,0,"386 Yonge St, Toronto, ON M5G 2K2, Canada",43.659329,-79.3826747,2350
2,2,0,", toronto M5B1E4 ON, Canada",43.6567332,-79.375154,2900
2,2,0,"10 York Street, Toronto, ON, M5J 0E1",43.6410868,-79.3814048,2900
2,2,0,"8 Wellesley St E, Toronto, ON M4Y 3B2, Canada",43.6652335,-79.3842932,3300
1,1,1,", Mississauga L5B 0G6 ON, Canada",43.5897603,-79.6484562,2200
1,1,0,"87 PETER ST, M5V0P1, TORONTO, ON",43.6469441,-79.3923973,1850
1,1,1,", Mississauga  L5H3B2 ON, Canada",43.5340709,-79.6245936,2150
1,1,0,"120 Bayview Ave., M5A 0G4, Toronto, ON",43.653978,-79.3541341,1900
1,1,0,"51 E Liberty St, Toronto M6K 3P8 ON",43.6387003,-79.4121833,2200
3,2,0,"M5B0A5, Canada",56.130366,-106.346771,4000
3,2,0,", M5V 2G4, Toronto, ON",43.6467641,-79.3922208,3200
1,1,0,"300 Front St W, M5E 0E9, Toronto, ON",43.6441737,-79.3894209,2500
1,1.5,0,"k , Toronto m8v 2t8 ON, Canada",43.6070571,-79.4949066,1200
1,1,0,", Toronto m5e0a8 ON",43.645271,-79.3763951,2600
2,2,0,"101 Charles St E, Toronto, ON M4Y 0A9, Canada",43.6695928,-79.3805797,3575
2,1,0,"75 Queens Wharf Rd, Toronto, ON M5V 0J8, Canada",43.6383175,-79.3977947,3200
2,1,0,"87 Peter St, Toronto, ON M5V 0P1, Canada",43.6469441,-79.3923973,2500
1,1,0,"89 McGill St, Toronto, ON M5B 1H3, Canada",43.6606054,-79.3786354,1850
1,1,0,"87 Peter Street, Toronto, ON, M5V 0P1",43.6469441,-79.3923973,2100
1,1,0,"455 Maple Ave, Burlington, ON, L7S 1M1",43.3202733,-79.8031017,1575
1,1,0,"89 McGill Street, Toronto, ON, M5B 0B1",43.6606054,-79.3786354,1950
1,1,0,"44 St Joseph Street, Toronto, ON, M4Y 2W4",43.6660964,-79.3873217,2400
1,1,0,"80 St Patrick St, Toronto, ON M5T 2X6, Canada",43.6524873,-79.3896218,1800
2,1.5,0,"63 Drew St, Oshawa, ON L1H 5A2, Canada",43.8975848,-78.8553098,1250
1,1,1,", Markham L6G1B3 ON, Canada",43.8533775,-79.3254313,1700
1,2,1,", Mississauga L5B4M2 ON, Canada",43.5904968,-79.6329287,2150
3,1.5,0,"19 Sudbury St, Toronto, ON M6J 3W6, Canada",43.6411088,-79.419448,3450
1,1,1,"361 Front St W, Toronto, ON M5V 3R5, Canada",43.6430505,-79.3916429,2150
2,1,0,"63 Drew St, Oshawa, ON L1H 5A2, Canada",43.8975848,-78.8553098,1350
2,1,0,"333 Adelaide St E, Toronto, ON M5A 4V1, Canada",43.6519582,-79.3688547,2550
1,1,0,"600 Queens Quay W, Toronto, ON M5V 3M3, Canada",43.6367593,-79.3978503,1900
1,1,1,", Toronto m8v0b2 ON, Canada",43.6216017,-79.4828681,2450
1,1,1,"38 Grenville, TORONTO M4Y1A5 ON",43.6618956,-79.3857479,2500
1,1,0,", Toronto M5J 2H2 ON, Canada",43.6400577,-79.379201,2800
1,1,0,"111 Upper Duke, Makrham L6G0C6 ON",43.8516467,-79.326656,1600
1,1,1,"200 Sackville St, Toronto, ON M5A 3H1, Canada",43.658981,-79.362919,2099
1,1,1,"424 Adelaide St E, Toronto, ON M5A 1N4, Canada",43.6525764,-79.3670659,2350
1,1,0,"320 Lonsdale Road, Toronto, ON, M4V 1X4",43.6888971,-79.4119836,1617
1,1,0,"80 Kensington Ave, Toronto, ON M5T 1M1, Canada",43.6547577,-79.4008271,1750
2,2,0,", Toronto M5G 0A6 ON, Canada",43.6601107,-79.3858871,2950
2,2,0,"5 Sheppard Ave E, Toronto, ON, M2N 2Z8",43.7614611,-79.4098016,3000
1,1,0,"60 Colborne St, Toronto, ON, M5E 1E3",43.6493806,-79.3745319,2200
2,2,0,"3895 Grand Park Dr, Mississauga, ON L5B 4L6, Canada",43.5798725,-79.6462449,2300
1,1,0,"170 Bayview Ave, Toronto, ON, M5A 0M4",43.6551919,-79.3539119,2200
1,1,0,"460 Adelaide St E, Toronto, ON, M5A 1N4",43.6527574,-79.3665108,2450
1,1,0,"730 Dovercourt Road, Toronto, ON, M6H 2W9",43.6596793,-79.4292906,1857
1,1,0,"730 Dovercourt Road, Toronto, ON, M6H 2W9",43.6596793,-79.4292906,1757
1,1,0,"730 Dovercourt Road, Toronto, ON, M6H 2W9",43.6596793,-79.4292906,1597
1,1,0,"4190 Bathurst Street, Toronto, ON, M3H 3P9",43.7486405,-79.4371391,1817
1,1,0,"4866 Bathurst Street, Toronto, ON, M2R 1X4",43.7716173,-79.4432608,1717
2,1,0,"4866 Bathurst Street, Toronto, ON, M2R 1X4",43.7716173,-79.4432608,2017
2,1,0,"4190 Bathurst Street, Toronto, ON, M3H 3P9",43.7486405,-79.4371391,2177
1,1,0,"357 Rusholme Road, Toronto, ON, M6H 2Z4",43.6599474,-79.4308197,1857
1,1,0,"323 Rusholme Road, Toronto, ON, M6H 2Z2",43.6589956,-79.4296933,1757
1,1,0,"323 Rusholme Road, Toronto, ON, M6H 2Z2",43.6589956,-79.4296933,1717
1,1,0,"323 Rusholme Road, Toronto, ON, M6H 2Z2",43.6589956,-79.4296933,1597
1,1,0,"1650 Sheppard Avenue East, Toronto, ON, M2J 1V3",43.7750925,-79.3490639,1927
1,1.5,1,"6210 Main St, Whitchurch-Stouffville, ON L4A 2S5, Canada",43.971005,-79.2489009,1800
1,1,0,"Toronto, ON, Canada, m4k3p6",43.6718131,-79.3415391,2000
1,1,1,"M5V3Z7, Canada",43.6408637,-79.3957393,2350
2,1,0,"2548 Eglinton Ave W, M6M 1T1, Toronto, ON",43.6911466,-79.4714355,1850
1,1,0,"Bay st and college st, Toronto M5G 2C8 ON, Canada",43.6608355,-79.3858556,750
1,1,0,"88 Scott St, M5E 0A9, Toronto, ON",43.6485726,-79.3762754,1850
2,1,0,"Homewood Ave, Toronto, ON M4Y 2X4, Canada",43.6644404,-79.3749819,2100
1,1,0,", Toronto M5Y2T4 ON, Canada",43.653226,-79.3831843,2800
2,2,0,"Ultra Ovation, 330 Burnhamthorpe Rd W, Mississauga, ON L5B 0E1, Canada",43.5862105,-79.6429298,2450
3,2,0,"85 Queens Wharf Rd, Toronto, ON M5V 0J9, Canada",43.6387842,-79.3988635,3500
1,1,1,"435 Richmond St W, Toronto, ON M5V 1X9, Canada",43.6476244,-79.3968608,2700
1,1,0,", DOWNTOWN M5V 4A9 ON, Canada",43.640402,-79.3971467,2100
1,1,0,"26 Western Battery Rd, Toronto, ON M6K 3P1, Canada",43.6398254,-79.4122306,2250
2,2,0,"12 Sudbury St, Toronto, ON M6J, Canada",43.6413402,-79.4181394,3200
1,1,1,"224 King St W, Toronto, ON M5H 0A6, Canada",43.6473801,-79.3872741,2400
1,1.5,1,", markham l3r1l5 ON, Canada",43.8571804,-79.3219101,1850
2,1,0,"44 Bond St W, Oshawa, ON L1G 6R2, Canada",43.8982151,-78.8657053,1450
1,1,0,"96 St Patrick Street, Toronto, ON, M5T 1V2",43.6531643,-79.3900311,2099
3,2,0,"20 Graydon Hall Drive, Toronto, ON, M3A 2Z9",43.7634866,-79.3459836,2000
1,1,0,"352 Front St W, Toronto, ON, M5V 1B5",43.6434855,-79.3923045,2300
1,1,0,"87 Peter St, Toronto, ON M5V 0P1, Canada",43.6469441,-79.3923973,2090
1,1,0,", Toronto M5H1A1 ON, Canada",43.6488411,-79.3779693,2200
1,1.5,1,"89 McGill St, Toronto, ON M5B 1H3, Canada",43.6606054,-79.3786354,2300
1,1,1,"85 Hamilton St, Toronto, ON M4M 2C7, Canada",43.6610628,-79.3515415,2500
2,2,0,"York Street, M5J 0E1, Toronto, ON",43.6456126,-79.3825854,3200
1,1,1,"l5m6j5, Canada",43.5634487,-79.7433173,2499
1,1,0,"85 Hamilton St, Toronto, ON M4M 2C7, Canada",43.6610628,-79.3515415,2500
2,2,0,"18 Yonge St, Toronto, ON M5E 1Z8, Canada",43.6444084,-79.3765617,3000
1,2,1,"455 Front St E, Toronto, ON M5A 0G2, Canada",43.6523308,-79.3560136,2300
1,1,0,"365 Church St Unit 2005, Toronto, ON M5B 0B5, Canada",43.660846,-79.3787556,1850
1,2,0,"70 Temperance St, Toronto, ON M5H 0B1, Canada",43.6505597,-79.3820722,2800
1,1,0,"Isabella St, Toronto, ON, Canada",43.6687827,-79.3799595,1195
1,1,0,"105 Allan St, Oakville, ON L6J 3N2, Canada",43.4495669,-79.6646388,1350
1,1,0,"74 John St W, Bradford, ON L3Z, Canada",44.1144545,-79.5676753,1100
1,1,0,"74 John St W, Bradford, ON L3Z, Canada",44.1144545,-79.5676753,1100
1,1,0,"74 John St W, Bradford, ON L3Z, Canada",44.1144545,-79.5676753,1100
1,1,0,"70 Temperance St, Toronto, ON M5H 0B1, Canada",43.6505597,-79.3820722,1900
2,1,0,"2087 Duberry Dr, Pickering, ON L1X 1Y7, Canada",43.8534989,-79.0801505,1730
1,1,0,"91,140,146 Jameson Avenue, Toronto, ON, M6K 2W8",43.6349738,-79.4351859,1429
1,1,1,"Lower Simcoe St, Toronto, ON M5J 3A6, Canada",43.6418891,-79.3837936,2400
1,1,1,", M5S 3K4, Toronto, ON",43.6629771,-79.386217,2200
1,1,1,"4070 Confederation Pkwy, Mississauga, ON L5B 0E9, Canada",43.5864127,-79.6471538,1850
1,1,0,"Toronto, ON M5H4E6, Canada",43.648742,-79.3868108,2400
1,1,0,"685 Danforth Ave, Toronto, ON M4J 1L2, Canada",43.6790089,-79.3438994,1300
1,1,0,"88 Harbour St, Toronto, ON M5J 0C3, Canada",43.6417851,-79.3790058,2600
1,1,0,"57 Charles Street West, Toronto, ON, M4Y 1R9",43.6676701,-79.389445,2410
2,1,0,"57 Charles Street West, Toronto, ON, M4Y 1R9",43.6676701,-79.389445,2915
2,1,0,"3620 Kaneff Crescent, Mississauga, ON, L5A 3X1",43.5924953,-79.6324462,1700
1,1,0,"57 Charles Street West, Toronto, ON, M4Y 1R9",43.6676701,-79.389445,2035
2,2,0,"10 Lisa Street, Brampton, ON, L6T 4N4",43.7106966,-79.7272366,1780
1,1,1,"20 Joe Shuster Way, Toronto, ON M6K 0A3, Canada",43.6402772,-79.4241261,2200
1,1.5,0,"Bradford, Bradford West Gwillimbury, ON, Canada, L3Z1A2",44.1210692,-79.5649097,925
1,1,0,"87 Peter St, Toronto, ON M5V 2G4, Canada",43.6469441,-79.3923973,2150
1,1,0,"3985 Grand Park Drive, 3985 Grand Park Dr, Mississauga, ON L5B 0H8, Canada",43.5816391,-79.648193,1950
1,1,0,"430 Pearl St, Burlington, ON L7R 4J8, Canada",43.3267886,-79.7955236,2200
2,2,0,", Toronto M5B1L4 ON, Canada",43.661198,-79.3816644,2800
1,1,0,"25 c, t M5B 1L4 ON, Canada",43.661198,-79.3816644,2000
1,1,0,", Burlington L7S 1H7 ON, Canada",43.3267271,-79.8021823,1375
1,1,1,"7 Concorde Pl, M3C 3n4, Toronto, ON",43.7306927,-79.3273194,1850
1,1,0,"269 Ontario St, Toronto M5A 2V6 ON",43.6583179,-79.3682357,1380
1,1,0,"Water Walk Dr, Markham, ON L3R, Canada",43.85631,-79.3286298,1800
1,1,0,"Downtown Toronto, Canada",43.654262,-79.385975,2500
1,1,0,", downtown toronto M5B2E8 ON, Canada",43.6598307,-79.3805207,2300
2,1,0,", M5J 3A3, Toronto, ON, Canada",43.6416068,-79.3822802,1180
1,1,0,"19 Grand Trunk Crescent, Toronto, ON M5J 3A3, Canada",43.6415846,-79.3826205,2650
2,1,0,"49 Boon Ave, Toronto, ON M6E 3Z2, Canada",43.6784677,-79.4464682,2000
1,1,0,"32 Trolley Cres, M5A 0E8, Toronto, ON",43.6565369,-79.3544975,2450
1,1,0,"126 Simcoe str, Toronto Downtown M5V 1T8 ON",43.6489727,-79.3872946,2299
2,2,0,"39 Upper Duke Cres., L6G 0B8, Markham, ON",43.8499379,-79.3275055,2150
2,2,0,"10 York Street, Toronto, ON, M5J 0E1",43.6410868,-79.3814048,2900
1,1,0,"10 York Street, Toronto, ON, M5J 0E1",43.6410868,-79.3814048,2200
2,2,0,"12 Yonge St, Toronto, ON M5E 1Z9, Canada",43.6431051,-79.375906,3200
1,1,0,"295 Adelaide St W, Toronto, ON M5V 0L4, Canada",43.6476273,-79.3904081,2650
2,2,0,"8 Wellesley St E, Toronto, ON M4Y 3B2, Canada",43.6652335,-79.3842932,3300
1,1,1,"70 Queens Wharf Rd 33rd Floor, Toronto, ON M5V 0J2, Canada",43.6400685,-79.3999604,2400
1,1,0,"Peter St, Toronto, ON M5V 0P1, Canada",43.647632,-79.3929626,2100
1,1,0,"96 St Patrick St, Toronto, ON M5T 1V2, Canada",43.6531643,-79.3900311,2480
1,1,0,"2255 Weston Road, Toronto, ON, M9N 1X9",43.7046478,-79.5275537,1520
1,1,0,"2255 Weston Road, Toronto, ON, M9N 1X9",43.7046478,-79.5275537,1520
1,1,0,"89  Isabella Street, Toronto, ON, M4Y 1N8",43.6683764,-79.3806431,1750
2,1,0,"56 annie craig drive, m8v0a5, toronto, ON",43.625159,-79.4787203,2550
2,2,0,"77 Maitland Pl, Toronto, ON M4Y 2V6, Canada",43.6651058,-79.3769009,3200
1,1,0,"318 Richmond St W, Toronto, ON M5V 0B4, Canada",43.6489001,-79.392205,2100
1,1,0,", Toronto M5X 1K2 ON, Canada",43.6484292,-79.3822802,1300
1,1,0,"14 York St, M5J 0B1, Toronto, ON",43.6419081,-79.3817798,2050
1,1,1,"151 Upper Duke Crescent, Unionville, ON L6G 0B6, Canada",43.8521463,-79.3278873,1900
2,2,0,"290 Adelaide St W, Toronto, ON M5V 1P6, Canada",43.64787,-79.391138,2350
1,1,0,"1 King St W, Toronto, ON M5H 1A1, Canada",43.6488576,-79.3781453,2750
1,1,0,"100 Wellesley St E, Toronto, ON M4Y 1H5, Canada",43.6665599,-79.3791219,1795
1,1,0,"111 St Clair Ave W, Toronto, ON M4V 1N5, Canada",43.6867088,-79.3992577,1950
2,1,0,"146 Dufferin St, Orangeville, ON L9W 1X2, Canada",43.9059866,-80.0929529,1790
1,1,0,"112 George St, Toronto, ON M5A 2M5, Canada",43.6520584,-79.3714575,2450
1,1,1,"8 York St 1701 Toronto   Ontario, M5J2Y2, toronto, ON",43.6406456,-79.380939,1830
1,1,0,"24 Wellesley St W, Toronto, ON M4Y 2X6, Canada",43.6648437,-79.3859297,2500
1,1,1,"41 SANTINA ST , VAUGHAN L4H2M1 ON",43.8297388,-79.5656779,2400
1,1,0,", Toronto M5J2Z3 ON, Canada",43.6425462,-79.3772655,1600
2,1,0,"55 Regent Park Blvd, Toronto, ON M5A 2B7, Canada",43.6594213,-79.3610251,1600
1,1.5,0,"111 Elizabeth St, Toronto, ON M5G 1P7, Canada",43.6550554,-79.3847211,2800
1,1,0,"235 Bloor Street East, Toronto, ON, M4W 3Y3",43.6710818,-79.3807435,1970
1,1,0,"1918 Faylee Crescent, Pickering, ON L1V 2V6, Canada",43.8413956,-79.0924175,1250
1,1,0,"460 Adelaide St E, Toronto, ON M5A 1N4, Canada",43.6527574,-79.3665108,2000
2,2,0,", Markham and Whitby L3S 3g2 ON",43.8427424,-79.2706616,2500
1,1,0,"111 Carlton St, Toronto, ON M5B 2G3, Canada",43.6621286,-79.3769576,1305
1,1,1,"1 The Esplanade, Toronto, ON M5E 0A8, Canada",43.6458091,-79.3756819,2600
1,1,0,"460 Adelaide St E, Toronto, ON M5A 1N4, Canada",43.6527574,-79.3665108,2200
1,1,0,"12 York St, Toronto, ON M5J 2Z2, Canada",43.6418726,-79.3819064,2450
1,1,0,"155 Yorkville Ave, Toronto, ON M5R 1C4, Canada",43.6703202,-79.3944332,1900
2,2,0,"170 Bayview Ave, Toronto, ON M5A 0G4, Canada",43.6551919,-79.3539119,3000
1,1,0,"Bremner Blvd, Toronto, ON M5J 0A6, Canada",43.6431366,-79.3805285,2200
1,1,0,"235 Bloor Street East, Toronto, ON, M4W 3Y3",43.6710818,-79.3807435,1650
1,1,0,"3600 Highway 7, L4L 0G7, Vaughan, ON",43.78995,-79.5461535,1950
1,1,1,", Markham L6G1B3 ON, Canada",43.8533775,-79.3254313,1700
1,1,0,"89 McGill Street, Toronto, ON, M5B 0B1",43.6606054,-79.3786354,1950
1,1,0,"10 Park Lawn Rd., M8Y 3K4, Etobicoke, ON",43.6232891,-79.4836951,1950
2,2,0,"77 Carlton St, Toronto, ON M5B 2J7, Canada",43.6619074,-79.3782085,4000
1,1,0,"75 Portland St, Toronto, ON M5V 2M9, Canada",43.6439201,-79.3994776,2700
1,1,0,"6 Bralorne Crescent, M6S4R2, toronto, ON",43.6611083,-79.4987507,1100
1,1,0,", M5b2e8, Toronto, ON",43.6598307,-79.3805207,1000
2,2,0,"2910 Hwy 7, Concord, ON L4K 2M7, Canada",43.7956959,-79.5203179,2500
1,1,1,"5 Mariner Terr, Toronto M5V 3V6 ON",43.6397355,-79.3904175,2600
1,1,1,"120 Bayview Ave., l4n6e1, Toronto, ON",43.653978,-79.3541341,2250
1,1,1,"210 Simcoe St, Toronto, ON M5T 0A9, Canada",43.6524331,-79.3888604,2400
2,1,0,"620 Lolita Gardens, Mississauga, ON, L5A 3K7",43.5942563,-79.6029457,1850
2,1,0,"125 Railroad St, Brampton, ON, L6X 1H1",43.683063,-79.771759,1350
1,1,0,"87 Peter st, M5v2g4, Downtown Toronto, ON",43.6469441,-79.3923973,2050
1,2,0,"525 Adelaide Street West, Toronto, ON, M5V 0N7",43.6453398,-79.4021851,2650
1,1,1,"m1g2a8, Canada",43.7672565,-79.2227339,1860
3,2,0,"620 Lolita Gardens, Mississauga, ON, L5A 3K7",43.5942563,-79.6029457,2100
3,2,0,"M5V1Z5, Canada",43.6503403,-79.3876465,3900
1,1,0,"352 Front St W, M5V1B5, TORONTO, ON",43.6434855,-79.3923045,2100
2,1,0,"90 Jameson Avenue, Toronto, ON, M6K 2W8",43.6343542,-79.4352696,1779
1,1,0,"169 Jameson Avenue, Toronto, ON, M6K 2W8",43.6382884,-79.4360532,1929
1,1,0,", toronto M5B 1Z8 ON, Canada",43.6604566,-79.3784972,2000
2,2,0,"1201 North Shore Blvd East, L7S1Z5, Burlington, ON",43.3173164,-79.8051158,3200
2,2,0,"14 Thorburn, M6K1C5, Toronto, ON",43.6356261,-79.4268735,2800
1,1,0,", Toronto M8W 3J1 ON, Canada",43.5921361,-79.5326816,1750
1,1,0,", Between YongeBloor, ChurchWellesley M4Y 2L2 ON, Canada",43.6673847,-79.3826756,1568
1,1,0,"409 Huron St, Toronto, ON M5S 2S5, Canada",43.6665804,-79.4009394,1200
2,2,0,"2089 Fairview St, Burlington, ON L7R 2C8, Canada",43.338737,-79.8100685,2200
1,1,0,"87 Peter St, Toronto, ON M5V 0P1, Canada",43.6469441,-79.3923973,2050
2,2,0,"30 Grand Trunk Crescent, Toronto, ON M5J 3A4, Canada",43.642282,-79.3828265,3150
1,1,0,", Toronto M5V1K4 ON, Canada",43.6447693,-79.3970587,1600
1,1,0,", M6G1S2, Downtown Toronto (Christie/Bloor), ON",43.6667107,-79.4043508,1500
1,1,0,"33 Bay St, Toronto, ON M5J 2Z3, Canada",43.6426791,-79.3769938,1900
1,1,0,"2895 Bathurst Street, Toronto, ON, M6B 3A8",43.7147936,-79.4283233,1750
2,2,0,"8 Mercer Street, M5V0C4, Toronto, ON",43.6460058,-79.3899085,3100
1,1,1,"M5V3S2, Canada",43.6414082,-79.3912531,2950
3,1,0,", L2E3R4, Niagara, ON",43.1041257,-79.0654766,1350
1,1,0,", Toronto M5V3P6 ON, Canada",43.6451493,-79.3908133,1300
2,2,0,"55 Regent Park Blvd, Toronto, ON M5A 2B7, Canada",43.6594213,-79.3610251,2600
2,1,0,"375 King St W, Toronto, ON M5V 1K1, Canada",43.645641,-79.3929534,1900
2,2,0,"3601 Highway 7 E, L6G 0E1, Markham, ON",43.8539142,-79.3381945,2300
1,1,0,"454 Yonge Street, M4Y 1W9, Toronto, ON",43.6616824,-79.3833791,2200
1,1,0,"100 Harbour St, Toronto, ON M5J 1B7, Canada",43.6418064,-79.3789807,2500
1,2,0,", DOWNTOWN M5V 4A9 ON, Canada",43.640402,-79.3971467,3600
1,1,0,"21 Balmuto St, Toronto, ON M4Y 1W4, Canada",43.6691531,-79.3873723,2050
1,1,0,"40 Earl St, Toronto, ON M4Y 1M3, Canada",43.6687998,-79.3759678,1600
1,1,0,"230 Queens Quay West, Toronto, ON, M5J 2Y7",43.6397444,-79.3837757,2300
1,1,1,"38 Howard Park Ave, Toronto, ON M6R 0A7, Canada",43.6520027,-79.4492618,2250
2,2,0,"21 Nelson St, Toronto, ON M5V 3H9, Canada",43.6487831,-79.3880423,4050
2,2,0,"21 Nelson St, Toronto, ON M5V 3H9, Canada",43.6487831,-79.3880423,4100
1,1,0,"845 Glencairn Ave, North York, ON M6B 2A4, Canada",43.7087795,-79.4447062,850
1,1,1,"633 Bay St, Toronto, ON M5G 2G4, Canada",43.6568825,-79.3835616,2000
3,2,0,"25 Lower Simcoe St, Toronto, ON M5J 3A1, Canada",43.6415283,-79.3833016,4200
1,1,1,", M5V 3X4, Toronto, ON",43.6469126,-79.3902415,2300
2,1.5,0,"M5V3X1, Canada",43.6421316,-79.4013687,2300
1,1,1,", M5S 3K4, Toronto, ON",43.6629771,-79.386217,2200
2,2,0,"8200 Birchmount Rd, Markham, ON L3R 9W1, Canada",43.8568796,-79.324595,2475
1,1,0,"Boxford Cres, Mississauga, ON L5M 0P4, Canada",43.5494504,-79.719706,1750
2,2,0,"M5J2Z2, Canada",43.6421671,-79.3819283,2800
1,1,0,"Boxford Cres, Mississauga, ON L5M 0P4, Canada",43.5494504,-79.719706,1750
1,1,1,"20 Joe Shuster Way, Toronto, ON M6K 0A3, Canada",43.6402772,-79.4241261,2200
1,1,0,"8200 Birchmount Rd #316, Markham, ON L3R 9W1, Canada",43.8568796,-79.324595,1690
1,1,0,"200 Jameson Avenue, Toronto, ON, M6K 2Z6",43.6398173,-79.4373797,1849
1,1,0,"12 York St, Toronto, ON M5J 2Z2, Canada",43.6418726,-79.3819064,2100
1,1,1,", Shelburne L9V3L7 ON, Canada",44.079119,-80.2011728,1300
1,1,0,"480 King St W, Toronto, ON M5V 1L7, Canada",43.6454236,-79.3962213,2200
1,1,0,"37 Penhurst Ave, Etobicoke, ON M8Y 3A9, Canada",43.6247335,-79.4995337,1450
1,1,1,"210 Simcoe St, Toronto, ON M5T 0A9, Canada",43.6524331,-79.3888604,2545
1,1,0,"Collingwood, Canada",44.5007687,-80.2169047,1750
1,1,1,"320 Richmond street east, M5A1P9, Toronto, ON",43.6538906,-79.3689511,2450
2,2,0,"Eva Rd, Etobicoke, ON, M9C 2A8",43.6394963,-79.5640901,2200
2,2,0,"70 Temperance St, Toronto, ON M5H 0B1, Canada",43.6505597,-79.3820722,2800
1,1,1,"20 THOMAS RILEY, M9B 0C3, Toronto, ON",43.6690744,-79.3911301,1799
1,1,0,"120 Bayview Ave, Toronto, ON M5A 0G4, Canada",43.653978,-79.3541341,2050
2,1,0,"Dunlop St E, Whitby, ON L1N, Canada",43.8792747,-78.9346733,1350
1,1,1,"6210 Main Street, L4A 2S5, Main Street Stouffville, ON",43.971005,-79.2489009,1675
1,1,1,"19 Grand Trunk Crescent, Toronto, ON M5J 3A3, Canada",43.6415846,-79.3826205,2350
1,1,0,"20 Minowan Miikan Lane, Toronto, ON M6J 1M3, Canada",43.6428951,-79.4281018,2000
1,1,0,"120 Homewood Ave, Toronto, ON, M4Y 2J3",43.66703,-79.3763862,2300
3,2,0,"89 McGill Street, Toronto, ON, M5B 0B1",43.6606054,-79.3786354,3200
1,1,0,"628 Fleet St, Toronto, ON M5V 1A8, Canada",43.6361646,-79.4033004,2200
1,1,0,", Toronto M6K 1X1 ON, Canada",43.6391261,-79.4192221,1900
2,1,0,", Toronto  M5V3Z9 ON, Canada",43.6412101,-79.3938921,2600
2,1,0,"812 Lansdowne Ave, Toronto, ON M6H 4K5, Canada",43.665271,-79.4476835,2600
1,1,0,"49 McCaul St, Toronto, ON M5T 1V7, Canada",43.6515793,-79.39008,3750
2,1,0,"8 Simcoe St N, Oshawa, ON L1G 4R8, Canada",43.8978185,-78.863977,1250
1,1,0,"49 McCaul St, Toronto, ON M5T 1V7, Canada",43.6515793,-79.39008,2500
2,1.5,0,", NA M3N 1J2 ON, Canada",43.7485568,-79.506065,1300
1,1,0,"8 The Esplanade, Toronto, ON M5E 0A6, Canada",43.6460983,-79.3760549,2250
1,1,1,", L1A 1N2, Port Hope, ON, Canada",43.9514277,-78.294416,1200
1,1,1,"57 St Joseph St, Toronto, ON M5S 0C5, Canada",43.6653563,-79.387999,2300
1,1,0,", Toronto m5s1x6 ON, Canada",43.6659564,-79.4047989,650
2,1,0,", Burlington L7S1H7 ON",43.3267271,-79.8021823,2975
1,1,0,", Toronto M5T2X5 ON, Canada",43.651955,-79.3896477,2000
1,1,0,"80 Blue Jays Way, Toronto, ON M5V 2G3, Canada",43.6452974,-79.3923967,4700
1,1,0,"100 Harbour Street, M5J1B7, Toronto, ON",43.6418064,-79.3789807,2550
1,1,1,"1060 Sheppard Ave W, Toronto, ON M3J 0G7, Canada",43.7505012,-79.4639723,1950
2,2,0,"19 Grand Trunk Crescent, Toronto, ON M5J 3A3, Canada",43.6415846,-79.3826205,3100
2,2,0,"95 Wellington St, Bowmanville, ON L1C 5A1, Canada",43.9137913,-78.6878692,1850
1,2,0,"70 Distillery Lane, Toronto, ON M5A 0E3, Canada",43.65006,-79.3578814,1500
1,1,0,"550 Jarvis Street Jarvis, Toronto, ON, M4Y 2H9",43.6692283,-79.3799488,1480
3,2,0,"Salvador Allende Ct, Toronto, ON, M6G 0A3",43.6723273,-79.4287263,4625
1,1,1,"460 Adelaide St E, Toronto, ON M5A 1N4, Canada",43.6527574,-79.3665108,2200
1,2,1,"2121 Lake Shore Blvd W, Etobicoke, ON M8V 4E9, Canada",43.6274471,-79.4783741,2350
1,1,0,"87 Peter St, Toronto, ON M5V 0P1, Canada",43.6469441,-79.3923973,2050
1,1,0,"28 Wellesley St E, Toronto, ON M4Y, Canada",43.6655881,-79.383028,2100
1,1,0,"28 Wellesley St E, Toronto, ON M4Y, Canada",43.6655881,-79.383028,2100
2,2,0,"90 Stadium Rd, Toronto, ON M5V 3W5, Canada",43.6344756,-79.4015886,3300
2,2,0,"1 The Esplanade, Toronto, ON M5E 0A8, Canada",43.6458091,-79.3756819,4000
1,1,1,"3525 Kariya Dr, Mississauga, ON L5B 0C1, Canada",43.588602,-79.6317004,1875
1,1,0,", Toronto m5s 2z1 ON, Canada",43.6680834,-79.3906814,2525
1,1,0,"75 E Liberty St, Toronto, ON M6K 0A2, Canada",43.6383068,-79.4147858,2100
1,1,0,"20 King St E, Cobourg, ON K9A 1K7, Canada",43.9601589,-78.1648364,850
1,1,0,"350 Wellington St W, Toronto, ON M5V 3W9, Canada",43.6446286,-79.3929331,2300
2,2,0,"39 Upper Duke Crescent, Unionville, ON L6G 0B8, Canada",43.8499379,-79.3275055,2450
2,1,0,"23 Wyndham St, Toronto, ON M6K 1R8, Canada",43.6474943,-79.435995,2750
1,1,0,"250 St. George St, Toronto, ON, M5R 3L8",43.672735,-79.4023802,1900
1,1,0,"664 Bathurst St, Toronto, ON M5S 2R3, Canada",43.6616564,-79.4099423,1700
1,1,0,", Toronto m5r 3j2 ON, Canada",43.682588,-79.417815,2450
1,1,0,"75 St Nicholas St, Toronto, ON M4Y 0A5, Canada",43.6676141,-79.3864589,2500
1,1,0,"11 Brunel Ct, Toronto, ON M5V 3Y3, Canada",43.6394055,-79.3932324,2300
2,1,0,"45 Lisgar St, Toronto, ON M6J 0B8, Canada",43.6420242,-79.4230597,2800
1,1,0,"269 Ontario St, Toronto, ON M5A 2V6, Canada",43.6583179,-79.3682357,1380
1,1,1,"15 Iceboat Terr, Toronto, ON M5V 4A5, Canada",43.6405271,-79.397104,2350
1,1,0,"70 Temperance St, Toronto, ON M5H 0B1, Canada",43.6505597,-79.3820722,2050
1,1,0,"560 Front St W, Toronto, ON M5V 1C1, Canada",43.6413078,-79.4000933,850
2,2,0,"600 Fleet St, Toronto, ON M5V 1B7, Canada",43.6366681,-79.4004451,2600
1,1,1,", Toronto m5v1y9 ON, Canada",43.6468281,-79.4024241,2300
1,1.5,0,"50 Cordova Avenue, Etobicoke, ON, M9A 4X6",43.6471397,-79.5265814,1550
1,1,0,", toronto M4E1S5 ON, Canada",43.6806017,-79.2893327,1600
2,2,0,", Yonge and Maitland M4y3b5  ON, Canada",43.6638522,-79.3841153,2600
2,1,0,"99 McGill St, Toronto, ON M5B 1H5, Canada",43.6605397,-79.3786617,2800
1,1,0,"600 University Ave, Toronto, ON M5G 1X5, Canada",43.6575221,-79.3899928,1750
1,1,0,"11 Brunel Ct, Toronto, ON M5V 3Y3, Canada",43.6394055,-79.3932324,2000
3,1,0,", m5t2m5, Toronto, ON, Canada",43.6486411,-79.4011928,3600
3,2,0,"14 York St, Toronto, ON M5J 0B1, Canada",43.6419081,-79.3817798,3800
2,2,0,"1103 Leslie St, North York, ON M3C 2J7, Canada",43.7206419,-79.3493968,2400
1,1,0,"Toronto, ON, Canada, M5J2Y5",43.6400247,-79.3812245,2200
2,2,0,"8 York St, Toronto, ON M5J 2Y2, Canada",43.6406456,-79.380939,3200
1,1,1,"12 York St, Toronto, ON M5J 2Z2, Canada",43.6418726,-79.3819064,2300
2,1,0,"51 Nassau Street, L1J 4A3, Oshawa, ON",43.8946417,-78.8696396,1300
1,1,0,"85 Queens Wharf Rd, Toronto, ON M5V 0J9, Canada",43.6387842,-79.3988635,2600
3,3,0,", M4R1V2, Toronto, ON",43.7073197,-79.4002252,1300
2,2,0,"100 Harbour St, Toronto, ON M5J 1B7, Canada",43.6418064,-79.3789807,2950
1,1,0,"1 King St W, Toronto, ON M5H 1A1, Canada",43.6488576,-79.3781453,2350
2,1,0,"150 Sudbury St, Toronto, ON M6J 3S8, Canada",43.6415328,-79.4240715,2400
1,1,0,"18 Yorkville Ave, Toronto, ON M4W 2J1, Canada",43.6721931,-79.3878664,2000
1,1,0,"91,140,146 Jameson Avenue, Toronto, ON, M6K 2W8",43.6349738,-79.4351859,1729
1,1,0,"72 Carden St, Guelph, ON N1H 3A3, Canada",43.5446193,-80.2473831,975
2,1,0,"378 Kerr St, Oakville, ON L6K 3B8, Canada",43.4443781,-79.683067,1700
2,2,0,", DOWNTOWN M5V2G4 ON, Canada",43.6467641,-79.3922208,2500
2,2,0,", NORTH YORK M2N0C2 ON, Canada",43.7565895,-79.4054146,2350
1,1,0,"55 Isabella St, Toronto, ON M4Y 1M8, Canada",43.6678174,-79.3831111,1750
2,1,0,"55 Isabella St, Toronto, ON M4Y 1M8, Canada",43.6678174,-79.3831111,2850
2,2,0,", L6K 3T1, Oakville, ON, Canada",43.4422541,-79.6731017,2800
1,2,1,"2121 Lake Shore Blvd W, Etobicoke, ON M8V 4E9, Canada",43.6274471,-79.4783741,2450
1,1,0,"180 Enterprise Blvd, Markham, ON, L6G 1B3",43.850094,-79.3234946,1850
2,2,0,"180 Enterprise Blvd, Markham, ON, L6G 0G4",43.850094,-79.3234946,2150
1,1,1,", Toronto M5V 1J9 ON, Canada",43.6464345,-79.3918689,2450
1,1,0,", Toronto M5V 1J9 ON, Canada",43.6464345,-79.3918689,2450
1,1,0,"10 York St, Toronto, ON M5J 2L9, Canada",43.6410868,-79.3814048,2150
1,1,1,"100 Harbour St, Toronto, ON M5J 1B7, Canada",43.6418064,-79.3789807,2600
1,1,0,"Six50 King - Bathurst Tower, 95 Bathurst St, Toronto, ON M5V 2P9, Canada",43.6444602,-79.4024689,2200
1,1,0,"42 Charles St E, Toronto, ON M4Y 1T1, Canada",43.6693009,-79.3841709,2400
2,2,0,", Toronto M1T 1a8 ON, Canada",43.7789286,-79.3241989,2500
1,1,0,"426 University ave, M5G1S9, TORONTO, ON",43.6539487,-79.3885701,1900
1,1,0,"Richmond St E, Toronto, ON M5C 3H6, Canada",43.652812,-79.3733062,1975
1,1,0,"Sussex Ave, Richmond Hill, ON L4C 2E8, Canada",43.8757743,-79.4214372,900
2,2,0,", Toronto m5v3m8 ON, Canada",43.637287,-79.396355,2800
1,1,0,"200 Jameson Avenue, Toronto, ON, M6K 2Z6",43.6398173,-79.4373797,1449
2,2,0,"21 Nelson St, Toronto, ON M5V 3H9, Canada",43.6487831,-79.3880423,4000
1,1,0,"29 Queens Quay E, Toronto, ON M5E 0A4, Canada",43.6413595,-79.3725145,2100
1,1,0,"8 The Esplanade, Toronto, ON M5E 0A6, Canada",43.6460983,-79.3760549,2250
1,1,1,"87 Peter St, Toronto, ON M5V 0P1, Canada",43.6469441,-79.3923973,2300
2,2,0,"20 Atlantic Ave, Toronto, ON M6K 1X8, Canada",43.6367119,-79.4206384,2000
2,2,0,"460 Adelaide St East, M5A1N6, Toronto, ON",43.6527574,-79.3665108,2775
1,1,1,"68 Abell St, Toronto, ON M6J 0B1, Canada",43.6423708,-79.4241905,2000
1,1,1,"68 Abell St, Toronto, ON M6J 0B1, Canada",43.6423708,-79.4241905,2000
2,1,0,", Toronto M5B 2K3 ON, Canada",43.6578373,-79.3806087,1200
1,1,0,"1190 Dundas Street East, Toronto M4M0C5 ON",43.665173,-79.3410685,2100
1,1,1,"165 Legion Rd N, Etobicoke, ON M8Y 0B3, Canada",43.6243053,-79.488423,2100
2,1,0,"L1H, Canada",43.8849512,-78.8326016,1350
2,1,0,"65 St Mary St, Toronto, ON M5S 0A6, Canada",43.6672109,-79.3891532,3099
2,2,0,"19 Swayne St, Cobourg, ON K9A 1K6, Canada",43.960557,-78.164838,1200
1,1,0,"85 Queen's Wharf Rd, Toronto, ON M5V 0J9, Canada",43.6387842,-79.3988635,2600
2,2,0,"50 Absolute Ave, Mississauga, ON L4Z 0A8, Canada",43.5949126,-79.6357361,2299
1,1,0,"170 Fort York Blvd, Toronto, ON M5V 0E6, Canada",43.6393466,-79.3997415,2150
1,1,0,"167 Church Street, Toronto, ON, M5B 1Y6",43.6543938,-79.3759018,1930
3,1,0,"295 Dufferin St., Toronto, ON, M6K 1Z6",43.6403508,-79.4275216,2707
1,1,0,"112 George Street, M5A 2M5, Toronto, ON",43.6520584,-79.3714575,2500
1,1,1,"81 Navy Wharf Ct, Toronto, ON M5V 3S2, Canada",43.6413655,-79.3914457,2300
2,2,0,"11 Peel Ave, Toronto, ON M6J 1M3, Canada",43.6437964,-79.4284926,2000
1,2,1,"2121 Lake Shore Blvd W, Etobicoke, ON M8V 4E9, Canada",43.6274471,-79.4783741,2450
1,1,0,"17 Mill St E, Acton, ON L7J 1G8, Canada",43.6302091,-80.0410457,1150
2,1,0,"65 E Liberty St, Toronto, ON M6K, Canada",43.6383993,-79.4144482,2699
1,1,0,"20 Bruyeres Mews, Toronto, ON M5V 0G8, Canada",43.6375235,-79.400877,2400
1,1,1,"60 S Town Centre Blvd, Markham, ON L6G 0C5, Canada",43.8528627,-79.3386881,1800
1,1,1,"8 The Esplanade 3003 Suite 3003, Toronto, ON M5E 0A6, Canada",43.6460983,-79.3760549,2450
1,1,0,"50 Cordova Avenue, Etobicoke, ON, M9A 4X6",43.6471397,-79.5265814,1400
2,2,0,"170 Bayview Avenue, Toronto M5A 0M4 ON",43.6551919,-79.3539119,4000
1,1,0,"88 Harbour St., M5J 0C3, Toronto, ON",43.6417851,-79.3790058,2300
1,1,0,", Toronro M4V 1N5 ON, Canada",43.6865112,-79.3995216,150
1,1,0,"Downtown, Toronto M5V1K1 ON, Canada",43.645396,-79.3942439,1900
2,2,0,"Downtown, Toronto M5V1K1 ON, Canada",43.645396,-79.3942439,2500
1,1,0,"101 Peter St, Toronto, ON M5V 0G6, Canada",43.6475126,-79.3927022,1600
2,2,0,"460 Adelaide St E, Toronto, ON M5A 1N4, Canada",43.6527574,-79.3665108,3500
1,1,0,"Toronto, ON M5G1R7, Canada",43.6515926,-79.3875585,1700
1,1,1,"215 Sherway Gardens Rd, Etobicoke M9C 0A4 ON",43.6095324,-79.5570952,2100
2,1,0,"Taunton Rd W, Oshawa, ON L1G 3T3, Canada",43.931288,-78.8862875,1500
1,1,0,", Whitby L1m2g9 ON, Canada",43.9487179,-78.9479159,1350
1,1,0,"88 Bloor Street East, Toronto, ON, M4W 3G9",43.670811,-79.3852395,1699
1,1,0,"144 Simcoe St, Toronto, ON M5H 3G4, Canada",43.6495569,-79.3872283,2200
1,1,0,", M5B 2E8, Toronto, ON",43.6598307,-79.3805207,1700
1,1,0,"40 Homewood Ave, m4y 2k2, Toronto, ON",43.6641794,-79.3755059,2100
1,1,0,"955 Bay St, Toronto, ON M5S 2A2, Canada",43.6647727,-79.3869867,2000
1,1,0,"99 Stadium Rd, Toronto, ON M5V 2Z7, Canada",43.6351036,-79.4010133,2100
2,2,0,"68 Shuter St, Toronto, ON M5B 1Y4, Canada",43.655111,-79.3756429,2990
1,1,0,"87 Peter St, Toronto, ON M5V 0P1, Canada",43.6469441,-79.3923973,2200
1,1,0,"8 Mercer St, Toronto, ON M5V 0C4, Canada",43.6460058,-79.3899085,1900
1,1,0,"20 Minowan Miikan Lane, Toronto, ON M6J 1M3, Canada",43.6428951,-79.4281018,2000
1,1,0,"68 Abell St, Toronto, ON M6J 0B1, Canada",43.6423708,-79.4241905,2000
2,2,0,"68 Abell St, Toronto, ON M6J 0B1, Canada",43.6423708,-79.4241905,2000
3,1,0,"89 Concession St, Newmarket, ON L3Y 3W4, Canada",44.0570506,-79.4555118,1900
2,2,0,"100 Bond St E, Oshawa, ON L1G 0A2, Canada",43.8999695,-78.8601161,2395
1,1,0,"20 Minowan Miikan Lane, Toronto, ON M6J 1M3, Canada",43.6428951,-79.4281018,2000
2,2,0,"1 Atlantic Ave, Toronto, ON M6K 3E7, Canada",43.6365382,-79.41931,2000
1,1,0,"21 Nelson St, Toronto, ON M5V 3H9, Canada",43.6487831,-79.3880423,2250
1,1,1,"2900 Highway 7 Ave W, Vaughan, ON, L4K 0G3",43.7957594,-79.5204723,1850
1,1,0,"25 Bedford Rd., Toronto, ON, M5R 1A9",43.6700064,-79.3976944,1760
2,2,0,"168 Simcoe St, Toronto, ON M5H 4C9, Canada",43.6500917,-79.3873738,3600
1,1,0,"460 Adelaide St E, Toronto, ON M5A 1N4, Canada",43.6527574,-79.3665108,2050
2,2,0,"323 Richmond St E, Toronto, ON M5A 4S8, Canada",43.6531574,-79.3686431,2950
2,1,0,"Main St E, Milton, ON, Canada",43.5281241,-79.866827,2000
1,2,0,"10 Capreol Court  Unit # 321, M5V 4B3, Toronto, ON",43.6402232,-79.395951,2500
1,1,0,"8 Wellesley St E, Toronto, ON M4Y 3B2, Canada",43.6652335,-79.3842932,99
1,1,0,"1 The Esplanade, Toronto, ON M5E 0A8, Canada",43.6458091,-79.3756819,2650
2,1,0,"902 Ossington Ave, Toronto, ON M6G 3V1, Canada",43.6661636,-79.4276187,2400
1,1,0,"12 Yonge St, Toronto, ON M5E 1Z9, Canada",43.6431051,-79.375906,2250
1,1,0,"126 Simcoe St, Toronto, ON M5V 0H5, Canada",43.6489727,-79.3872946,2350
2,2,0,"17 Kenaston Gardens, North York, ON M2K 0B9, Canada",43.7658605,-79.3855003,2650
1,1,1,"424 Adelaide St E, Toronto, ON M5A 1N4, Canada",43.6525764,-79.3670659,2450
2,2,0,"44 Gerrard St W, Toronto, ON M5G 2K2, Canada",43.658897,-79.383798,2950
1,1,0,"33 Davisville Avenue, Toronto, ON, M4S 2Y9",43.6984043,-79.3948245,2800
1,1,0,"88 Isabella Street, Toronto, ON, M4Y 1N4",43.6687589,-79.3812685,1850
1,1,0,"505 Locust Street, Burlington, ON, L7S 1X6",43.3264539,-79.8003871,1750
1,1,0,"89 McGill St, Toronto, ON M5B 1H3, Canada",43.6606054,-79.3786354,2250
1,1,1,"270 Queens Quay W, Toronto, ON M5V 3A7, Canada",43.6390962,-79.3864748,2600
2,2,0,"16 Brookers Ln, Etobicoke, ON M8V 0A5, Canada",43.626966,-79.4784876,3000
1,1,1,"M1N, Canada",43.692657,-79.2648481,1200
2,2,0,"20 Bruyeres Mews, Toronto, ON M5V 0G8, Canada",43.6375235,-79.400877,3500
2,2,0,"70 Temperance St, M5H4E8, Toronto, ON",43.6505597,-79.3820722,3000
1,1,0,"Burnhamthorpe Rd W, Mississauga, ON L5B 3R2, Canada",43.5860554,-79.6442402,2000
1,1,0,"2050 Prospect St, Burlington, ON L7R 1Y9, Canada",43.3349584,-79.8078173,1275
2,1,0,"700 Ross st, L7S 1S2, Burlington, ON",43.3289855,-79.8086183,1600
1,1,0,"29 Camden St #602, Toronto, ON M5V 3N3, Canada",43.6468787,-79.3972126,2900
1,1,0,", Toronto M5V0P3 ON, Canada",43.653226,-79.3831843,2000
1,2,0,"Euclid Ave, Toronto, ON, Canada",43.6586892,-79.4125775,65
1,1,1,"Burnhamthorpe Rd W, Mississauga, ON L5B 3R2, Canada",43.5860554,-79.6442402,2000
1,1,1,"295 Adelaide St W, Toronto, ON M5V 0L4, Canada",43.6476273,-79.3904081,2350
1,1,0,"88 Harbour St, Toronto, ON M5J 0C3, Canada",43.6417851,-79.3790058,2550
1,1,0,"146 Scarborough Rd, Toronto, ON M4E 3M6, Canada",43.6777793,-79.2861931,1300
1,2,1,"4800 Hwy 7, Woodbridge, ON L4L 1H7, Canada",43.7827052,-79.581291,1900
1,1,0,"3 Magani Ave, Bradford, ON L3Z 2S9, Canada",44.1114574,-79.5700826,1000
1,1,0,"250 Fort York Blvd, Toronto, ON M5V 3K9, Canada",43.6374082,-79.4066461,1900
1,1,0,"120 Church St, Toronto, ON M5C 2G8, Canada",43.6521506,-79.3754775,2300
1,1,0,"17 Dundonald St, Toronto, ON M4Y 1K3, Canada",43.6659283,-79.383465,2100
2,1,0,"332 George St, Cobourg, ON K9A 3M1, Canada",43.961937,-78.168754,1450
1,1,0,"365 Victoria St, Toronto, ON M5B 1W1, Canada",43.6576911,-79.3801612,1800
1,1,0,"120 Jameson Ave, Toronto, ON M6K 2Y1, Canada",43.6359631,-79.4357489,1595
3,3,0,"1353 Davenport Rd, Toronto, ON M6H 2H5, Canada",43.6730167,-79.4399334,2500
2,2,0,"386 Yonge St, Toronto, ON M5G 2K2, Canada",43.659329,-79.3826747,2100
1,1,1,"81 Navy Wharf Ct, Toronto, ON M5V 3S2, Canada",43.6413655,-79.3914457,2700
1,1,0,"500 Sherbourne St, Toronto, ON M4X 1L1, Canada",43.6679021,-79.3756819,2600
2,2,0,"770 Bay St, Toronto, ON M5G 0A6, Canada",43.6601367,-79.3858692,2950
2,2,0,"25 Cole St, Toronto, ON M5A 4M7, Canada",43.6601526,-79.3648897,2800
1,1,0,"101 charles St E, TORONTO M4Y0A9 ON",43.6695928,-79.3805797,1850
2,2,0,"18 Yonge St, Toronto, ON M5E 1Z8, Canada",43.6444084,-79.3765617,2500
2,2,0,"37 King St E, Toronto, ON M5C, Canada",43.6490882,-79.3762537,3400
2,2,0,"101 Charles St, Toronto, ON, M4Y 1V2",43.6695928,-79.3805797,3100
2,1,0,"1275 Elgin Street, Burlington, ON, L7S 1E2",43.320557,-79.803979,1600
1,1,1,"4011 Brickstone Mews, Mississauga, ON L5B 0J7, Canada",43.5851682,-79.6460669,2050
2,2,0,"1460 Ghent Ave, Burlington, ON L7S 1W8, Canada",43.3324553,-79.8093698,1532
1,1,0,"2210 Lakeshore Rd, Burlington, ON L7R 4J9, Canada",43.3278672,-79.7872536,2195
1,1,1,"21 Iceboat Terr, Toronto, ON M5V 4A9, Canada",43.6403804,-79.3973372,2150
1,1,0,"180 university Ave, M5H 0A3, TORONTO, ON",43.648953,-79.3857683,4000
2,3,0,"180 University Ave, Toronto, ON M5H 0A2, Canada",43.648953,-79.3857683,6500
1,1,0,", Toronto M4C 5N3 ON, Canada",43.6952964,-79.300604,800
1,1,1,"290 Adelaide St W, Toronto, ON M5V 1P6, Canada",43.64787,-79.391138,3300
1,1,1,"8130 Birchmount Rd, Markham, ON L6G 0E4, Canada",43.8514089,-79.3256954,1800
2,1,0,"560 Bloor St E, Oshawa, ON L1H 3N2, Canada",43.885455,-78.8354375,1000
1,1,0,"18 Yonge St, Toronto, ON M5E 1Z8, Canada",43.6444084,-79.3765617,2200
1,1,1,"88 Scott St, Toronto, ON M5E 1X6, Canada",43.6485726,-79.3762754,2450
3,1,0,"2386  New Street, Burlington, ON, L7R 1J7",43.336221,-79.7869004,2349
1,1,0,"55 Bremner Blvd, Toronto, ON M5J 0A6, Canada",43.6428849,-79.3806168,2300
2,2,0,"30 Grand Trunk Crescent, Toronto, ON M5J 3A4, Canada",43.642282,-79.3828265,3000
2,2,0,"Water Walk Dr, Markham, ON L3R, Canada",43.85631,-79.3286298,2500
1,1,0,", Toronto M5J 2L7 ON, Canada",43.6455289,-79.3837757,1500
1,1,0,"14 York St, M5J2Z2, Toronto, ON",43.6419081,-79.3817798,2050
2,2,0,"625 King St W, Toronto, ON M5V 1M5, Canada",43.6439877,-79.4014038,2800
3,2.5,0,"373 D'Arcy St, Cobourg, ON K9A 4A6, Canada",43.965673,-78.1577347,1800
1,1,0,"285 King St W, Cobourg, ON K9A 2N4, Canada",43.958753,-78.1772499,1050
2,2,0,"121 Allan St, Oakville, ON L6J 3N3, Canada",43.4497718,-79.6652527,2200
1,1,0,"26 Victoria Square, Colborne, ON K0K 1S0, Canada",44.0060219,-77.8881524,1000
1,1,0,"15 Dundonald St, Toronto, ON M4Y 1K4, Canada",43.6658263,-79.3839939,1860
1,1,1,"87 Peter St, Toronto, ON M5V 0P1, Canada",43.6469441,-79.3923973,2350
3,2,0,"l6x1k5, Canada",43.6848515,-79.7755577,1900
2,3,0,"210 Victoria St #400, Toronto, ON M5B 2R3, Canada",43.6546239,-79.3790756,2800
1,1,0,"154 Bathurst, Toronto M5V 2R3 ON",43.6459543,-79.4039853,1800
3,1,0,"89 McGill Street, Toronto, ON, M5B 0B1",43.6606054,-79.3786354,3200
2,1,0,"70 Queens Wharf Rd, Toronto, ON M5V 0J2, Canada",43.6400685,-79.3999604,2800
1,1,0,", Toronto M5V3P5 ON, Canada",43.6450503,-79.3913411,3000
1,1,0,"89  Isabella Street, Toronto, ON, M4Y 1N8",43.6683764,-79.3806431,1900
1,1,0,"2170 Lakeshore Road, Burlington, ON, L7R 1A5",43.3277142,-79.7889643,1425
2,1,0,", Toronto M5H 2N2 ON, Canada",43.6525485,-79.3835118,2200
1,1,0,", Toronto M6h 2z5 ON, Canada",43.6591925,-79.4308293,1650
1,1,0,", M5N1z1, Toronto, ON",43.717321,-79.42485,900
1,1,0,"60 Annie Craig, M8V1A1, Toronto, ON",43.6249946,-79.4790453,2200
1,1,1,"1030 King Street west, toronto M6K 0B4 ON",43.641579,-79.4159028,2350
1,1,0,"629 King St W, Toronto, ON M5V 0G9, Canada",43.6439387,-79.4014775,1900
1,1,1,"87 Peter St, Toronto, ON M5V 0P1, Canada",43.6469441,-79.3923973,2400
1,1,0,"10 Capreol Ct, Toronto, ON M5V 4B3, Canada",43.6402232,-79.395951,2200
1,1,0,"10157 yonge st, Richmond hill L4C1T5 ON",43.8751012,-79.4377534,1300
2,2,0,"8 Telegram Mews, Toronto, ON M5V 3Z5, Canada",43.6404783,-79.3949699,3130
1,1,0,", Toronto L6a4y1 ON, Canada",43.653226,-79.3831843,2000
1,1,0,"101 Peter St, Toronto, ON M5V 0G6, Canada",43.6475126,-79.3927022,3750
2,2,0,"5 Hanna Ave, Toronto, ON M6K 0B3, Canada",43.6374534,-79.4183866,2500
1,1,0,", Toronto  M5A4S3 ON, Canada",43.6525889,-79.3677193,1500
1,1,0,", Toronto  M5A4S3 ON, Canada",43.6525889,-79.3677193,1600
1,1,0,"125 Railroad St, Brampton, ON, L6X 1H1",43.683063,-79.771759,1025
1,1,1,"10 Navy Wharf Ct, Toronto, ON M5V 3V2, Canada",43.6404402,-79.3918535,2550
1,1,0,"12 York Street, M5J 2Z2, Toronto, ON",43.6418726,-79.3819064,3300
1,1,0,"565 Sherbourne St, Toronto, ON M4X 1W7, Canada",43.6701586,-79.3756379,1450
1,1,0,"12 York St, Toronto, ON M5J 2Z2, Canada",43.6418726,-79.3819064,3300
1,1,1,"17 Dundonald St., M4Y 1K3, Toronto, ON",43.6659283,-79.383465,2680
1,1,1,"Adelaide St E, Toronto, ON, Canada, M5A 1N4",43.6524993,-79.3669609,2300
2,1,0,"14 York St, Toronto, ON M5J 0B1, Canada",43.6419081,-79.3817798,2600
1,1,0,", Toronto M8V 1M4 ON, Canada",43.5971347,-79.5232832,1000
1,1,1,"460 Adelaide St E, Toronto, ON M5A 1N4, Canada",43.6527574,-79.3665108,2300
2,1,0,"M5V1E7, Canada",43.6430555,-79.3961791,1700
2,2,0,"215 Fort York Blvd, Toronto, ON M5V 4A2, Canada",43.6363456,-79.404535,2800
1,1,1,"33 Shore Breeze Drive, Etobicoke, ON M8V 1A1, Canada",43.6238212,-79.4787279,2100
1,1,0,", Toronto M5v3z5 ON, Canada",43.640526,-79.3949037,1600
3,3,0,"10 Glen Rd, Toronto, ON, M4X 1M5",43.6715933,-79.3750834,4500
1,1,0,", Toronto Downtown M5T 1M9 ON, Canada",43.6569138,-79.3945078,1200
2,1,0,"l6x1k5, Canada",43.6848515,-79.7755577,1450
1,1,0,"20 Blue Jays Way, M5V 3W6, TORONTO, ON",43.6438459,-79.391824,2400
1,1,0,", Markham L3P1N3 ON, Canada",43.8777664,-79.2624698,1750
1,2,1,"120 Bayview Ave, Toronto, ON M5A 0G4, Canada",43.653978,-79.3541341,2350
3,1.5,0,"1275 Elgin Street, Burlington, ON, L7S 1E2",43.320557,-79.803979,1850
1,1,0,"40 Homewood Ave, Toronto, ON M4Y 2K2, Canada",43.6641794,-79.3755059,1700
1,1,0,"20 Blue Jays Way, M5V3W6, Toronto, ON",43.6438459,-79.391824,2400
1,1.5,1,"36 Blue Jays Way, Toronto, ON M5V 3T3, Canada",43.6449299,-79.3921465,2650
2,1,0,"99 McGill St, Toronto, ON M5B 1H5, Canada",43.6605397,-79.3786617,2700
1,1,0,"Toronto, ON M5R3H3, Canada",43.6755072,-79.4150009,1100
1,1,0,"328 Bayview Ave, Toronto, ON M5A 3R4, Canada",43.6592176,-79.3557961,1600
2,2,0,"5 St. Joseph, M4Y0B6, Toronto, ON",43.6657528,-79.3855792,3200
3,1,0,"36 Richmond St E, Oshawa, ON L1G 1E5, Canada",43.8997803,-78.8630636,1650
2,1,0,", TORONTO  M4T 1P3 ON, Canada",43.6904633,-79.3815764,36900
1,1,0,", Toronto M5V 2P1 ON, Canada",43.6410109,-79.4012807,2100
2,1,0,", Toronto m5a0j3 ON, Canada",43.653226,-79.3831843,2000
2,2,0,"17 Kenaston Gardens, North York, ON M2K 0B9, Canada",43.7658605,-79.3855003,2600
1,1,0,"25 Capreol Ct, Toronto, ON M5V 3Z7, Canada",43.6407261,-79.3955671,1950
3,2,0,", toronto M5V 3z4 ON, Canada",43.6410122,-79.3949476,6000
1,1,0,"36 Lisgar St, Toronto, ON M6J 0A9, Canada",43.6415965,-79.4234431,850
1,1,0,"65 May St, Toronto, ON M4W 2X9, Canada",43.6790427,-79.3765346,2350
1,1,0,"75 St Nicholas St, Toronto, ON M4Y 0A5, Canada",43.6676141,-79.3864589,2500
2,1,0,"123 Bloor St W, Oshawa, ON L1J 1P5, Canada",43.8791605,-78.8602488,1295
1,1,0,"Toronto, ON M6H 3E8, Canada",43.662091,-79.4332913,935
1,1,0,"150 East Liberty, M6K3R5, Toronto, ON",43.6387639,-79.4162418,2200
3,2,0,", M1L0B3, Toronto, ON",43.7038237,-79.2717186,1700
1,1,1,", Toronto M5A3X2 ON, Canada",43.6573918,-79.3703149,1650
1,1,0,"126 Simcoe St, Toronto, ON M5V 0H5, Canada",43.6489727,-79.3872946,2100
2,2,0,"Bay St, Toronto, ON, Canada",43.6572984,-79.3843645,1500
1,1,0,", Toronto M5B2M2 ON, Canada",43.659534,-79.3773535,2000
1,1,0,"62 Suncrest Blvd, Thornhill, ON L3T 7Y1, Canada",43.8415157,-79.3928791,1700
2,1.5,0,"633 Bay St, Toronto, ON M5G 2G4, Canada",43.6568825,-79.3835616,3000
1,1,1,"1 King St W, Toronto, ON M5H 1A1, Canada",43.6488576,-79.3781453,2750
2,2,0,"399 Adelaide St W, Toronto, ON M5V 1S1, Canada",43.6461884,-79.3972358,3950
1,1,0,"One King Street West, 1 King St W, Toronto, ON M5H 1A1, Canada",43.64894,-79.378086,2390
1,1,0,"Toronto, ON M6H 3E8, Canada",43.662091,-79.4332913,935
1,1,0,"126 Simcoe St, Toronto, ON M5V 0H5, Canada",43.6489727,-79.3872946,2150
3,2,0,"14 York St, Toronto, ON M5J 0B1, Canada",43.6419081,-79.3817798,4900
2,1,0,"1280 Rue Saint-Marc, Montral, QC H3H 2G1, Canada",45.4925108,-73.5802928,1475
1,1,0,", Toronto  M5R 1B7 ON, Canada",43.6709659,-79.3905934,3620
1,1,0,", Toronto M6H 3J6 ON, Canada",43.6672287,-79.4375116,1600
1,1,0,"Tom Riley Park, 3216 Bloor St W, Etobicoke, ON M8X 1Z4, Canada",43.6471746,-79.5202966,1950
2,2,0,"120 Bayview Ave, Toronto, ON M5A 0G4, Canada",43.653978,-79.3541341,2800
1,1,0,", Toronto M5E 0B7 ON, Canada",43.6494165,-79.3745473,1900
1,1,1,"9 George St N, Brampton, ON L6X 0T6, Canada",43.6852857,-79.7614922,1900
1,1,0,"Victoria St, Toronto, ON M5B 2R3, Canada",43.6547038,-79.3789125,1980
1,1,0,", Toronto M5B 2K3 ON, Canada",43.6578373,-79.3806087,800
1,1,0,"1089 Dovercourt Rd, Toronto, ON M6H 2X7, Canada",43.6694569,-79.432457,1509
2,2.5,0,"311 Bay St, Toronto, ON M5H 4G5, Canada",43.6497827,-79.3804402,9750
1,1,0,"21 widmer, M5V2E8, toronto, ON",43.6472259,-79.3911003,2500
1,1,0,"290 Adelaide street west, toronto M5V1P6 ON",43.64787,-79.391138,2200
1,1,0,"38 Western Battery Rd, Toronto, ON M6K 3P1, Canada",43.6396381,-79.4131037,1700
2,1,0,", L7S 1H7, Burlington, ON",43.3267271,-79.8021823,2500
1,2,1,"225 Sackville St, Toronto, ON M5A 0B9, Canada",43.6598236,-79.3627273,2475
1,1,0,"25 Lower Simcoe St, Toronto, ON M5J 3A1, Canada",43.6415283,-79.3833016,2400
1,1,0,"70 Princeton Ave, M4B2R6, EAST YORK, ON",43.7093349,-79.3416638,1200
1,1,0,", Toronto M5H 4C7 ON, Canada",43.6487423,-79.3784972,1600
3,2,0,"L4K 0G3, Canada",43.795462,-79.521097,2000
2,2,0,"85 Queens Wharf road, M5V0J9, Toronto, ON",43.6387842,-79.3988635,3200
2,1,0,"120 Homewood Ave, Toronto, ON M4Y 1J4, Canada",43.6667515,-79.3762355,2699
2,1,0,"205 Sherway Gardens Rd, Etobicoke, ON M9C 0A5, Canada",43.6092724,-79.557008,2300
1,1,0,"Toronto, M5R 2L6, Toronto, ON, Canada",43.6739622,-79.4016325,1800
1,1,0,"210 Victoria St, Toronto, ON M5B 2R3, Canada",43.6546239,-79.3790756,2250
2,2,0,"1080 Bay St, Toronto, ON M5S 0A5, Canada",43.6669805,-79.3888889,3500
2,1,0,"88 Harbour St, Toronto, ON M5J 0C3, Canada",43.6417851,-79.3790058,2600
1,1,1,"88 Harbour St, Toronto, ON M5J 0C3, Canada",43.6417851,-79.3790058,2600
1,1,0,", North York M2N6Z9 ON, Canada",43.7697905,-79.4160562,1700
2,2,0,", TORONTO M4Y 3B2 ON, Canada",43.665234,-79.3839957,3300
1,1,0,"150 Elizabeth St, Toronto, ON M5G 0A9, Canada",43.6565308,-79.3860049,1550
1,2,1,"2121 Lake Shore Blvd W, Etobicoke, ON M8V 4E9, Canada",43.6274471,-79.4783741,99
1,1,0,"M5T3J9, Canada",43.6544346,-79.3905934,2400
2,2,0,"21 Upper Duke Crescent, Unionville, ON L6G 0B6, Canada",43.84968,-79.3284796,2300
1,1,0,", Burlington L7S 1H7 ON, Canada",43.3267271,-79.8021823,1475
1,1,1,"25 Telegram Mews, Toronto, ON M5V 3Z1, Canada",43.6409179,-79.3939821,2200
1,1,0,", North York M2M 4M2 ON, Canada",43.7959865,-79.4158363,1600
3,1,0,"Harris, whitby L1H 2l7 ON, Canada",43.8884619,-78.955097,1550
1,1,0,"75 St Nicholas St, Toronto, ON M4Y 0A5, Canada",43.6676141,-79.3864589,2099
1,1,1,", Markham, ON, Canada",43.8561002,-79.3370188,2000
1,1,0,"Markham, ON L3R9W1",43.8569862,-79.324551,1900
1,1,1,"1235 Bayly Street, Pickering l1w 1l7 ON",43.8275826,-79.0913806,1700
1,1,0,"5 Mariner Terrace, Toronto, ON M5V 3V6, Canada",43.6397355,-79.3904175,2200
1,1.5,0,"3600 Av du Parc, Montral, QC H2X 2J1, Canada",45.5105659,-73.5763854,1953
2,2,0,"8 Mercer St, Toronto, ON M5V 0C4, Canada",43.6460058,-79.3899085,3050
2,1.5,0,", M5V 1R4, Toronto, ON",43.6476349,-79.3924836,1200
1,1,0,", toronto m4b2z5 ON, Canada",43.70519,-79.3238468,700
1,1,1,"10 York St, Toronto, ON M5J 0E1, Canada",43.6410868,-79.3814048,2450
1,1,1,"87 Peter St, Toronto, ON M5V 2G4, Canada",43.6469441,-79.3923973,2250
1,1,0,", Toronto  M5a3x2  ON, Canada",43.6573918,-79.3703149,1500
1,1,0,", Toronto M6N 3G8 ON, Canada",43.6774284,-79.4579072,1000
1,1,0,"297 College Street, M5T 1S2, Toronto, ON",43.6575473,-79.4014643,2050
1,1,0,"33 Harbour Square, Toronto, ON M5J 2G4, Canada",43.6397558,-79.3772708,2400
1,1,0,"4k Spadina - NEO building, M5V3Y9, 4k Spadina Ave, ON",43.6409127,-79.3939235,1900
1,1,1,"87 Peter St, Toronto, ON M5V 2G4, Canada",43.6469441,-79.3923973,2250
2,2,0,", Toronto M5E 1W5 ON",43.6459244,-79.3753299,1500
1,1,0,", Downtoen Toronto M5V0c8 ON, Canada",43.6385923,-79.4009948,1900
1,1,0,"210 Victoria St, Toronto, ON M5B 2R3, Canada",43.6546239,-79.3790756,2250
2,2,0,"170 Bayview Ave, Toronto, ON M5A 0G4, Canada",43.6551919,-79.3539119,3000
1,2,0,"253 College St #253, Toronto, ON M5T 1R5, Canada",43.6577965,-79.3989649,1850
1,1,0,"460 Adelaide St E, Toronto, ON M5A 1N4, Canada",43.6527574,-79.3665108,2050
1,1,0,"M5S, Canada",43.6626956,-79.4000493,1000
1,1,0,"70 Queens Wharf Rd, Toronto, ON M5V 0E4, Canada",43.6385213,-79.3994638,2450
1,1,1,"John St &amp; King St W, Toronto, ON M5V 0C4, Canada",43.6465174,-79.3872066,3600
1,1,0,"30 Nelson St, Toronto, ON M5V 0H5, Canada",43.6490235,-79.3884001,2200
1,1,0,"21 Grand Magazine St, Toronto, ON M5V 1B5, Canada",43.6364097,-79.4020034,1800
2,2,0,"18 Yonge St, M5E1Z8, TORONTO, ON",43.6444084,-79.3765617,3000
2,2,0,"10 York St, Toronto, ON M5J 2L9, Canada",43.6410868,-79.3814048,3150
1,1,0,", toronto M5V 1J1 ON, Canada",43.6418699,-79.3898457,1350
2,2,0,"39 Queens Quay E, Toronto, ON M5E 0A5, Canada",43.6416207,-79.3717276,3250
2,2,0,"1270 Maple Crossing Blvd, Burlington, ON L7S 2J3, Canada",43.3227584,-79.8071317,2000
1,1,0,"70 Temperance St, Toronto, ON M5H 0B1, Canada",43.6505597,-79.3820722,1950
1,2,1,"8081 Birchmount Rd, Markham, ON L6G 1B3, Canada",43.8497521,-79.3246663,1800
1,1,0,"5 Rose Ave, Toronto, ON M4X 1N6, Canada",43.6658208,-79.3698808,2100
1,1,0,"310 Dundas St, London, ON N6B 3R6, Canada",42.9857671,-81.243808,1235
2,2,0,"770 Bay St, Toronto, ON M5G 0A6, Canada",43.6601367,-79.3858692,2950
1,1,0,", Toronto M5T 2N7 ON, Canada",43.6554292,-79.4040073,1050
1,1,0,", Toronto M6k1z4 ON, Canada",43.6371775,-79.4269604,1300
1,1,0,", Toronto M4j1l7 ON, Canada",43.6801285,-79.3401308,1275
1,1,0,", Toronto M5c2h4 ON, Canada",43.6521692,-79.3723385,1000
1,1,0,"127 Queen St E, Toronto, ON M5C 1S1, Canada",43.6535202,-79.3737702,2100
1,1,1,"M4Y0C4, Canada",56.130366,-106.346771,1830
1,1,0,"7 Dempster St, Scarborough, ON M1T 2T3, Canada",43.780021,-79.2948144,1200
1,1,0,"28 Wellesley St E, Toronto, ON M4Y, Canada",43.6655881,-79.383028,2200
1,1,0,"28 Wellesley St E, Toronto, ON M4Y, Canada",43.6655881,-79.383028,1850
1,1,0,"University Ave, Toronto, ON M5G 1S9, Canada",43.6538857,-79.3880868,2100
2,1.5,0,"8 The Esplanade, Toronto, ON M5E 0A6, Canada",43.6460983,-79.3760549,2600
1,1,0,"Brant St, Toronto, ON M5V, Canada",43.6462197,-79.3981256,2175
2,2,0,", toronto m9w 1z8 ON, Canada",43.7181688,-79.5619244,1800
2,2,0,"30 Nelson St, Toronto, ON M5V 0H5, Canada",43.6490235,-79.3884001,4500
1,1,0,"353 Queen St W, Toronto, ON M5V 2A4, Canada",43.6494054,-79.3927116,2000
1,1,0,", Toronto M5V0J3 ON, Canada",43.653226,-79.3831843,2175
1,1,0,"4 K Spadina Ave, Toronto, ON M5V 3Z9, Canada",43.6409222,-79.393983,1900
1,1.5,1,"38 Dan Leckie Way, Toronto, ON M5V 2V6, Canada",43.6375098,-79.3977774,2400
1,1,1,"295 Adelaide St W, Toronto, ON M5V 0L4, Canada",43.6476273,-79.3904081,2600
1,1,0,"25 Stafford St, Toronto, ON M5V 0G3, Canada",43.6418738,-79.4103246,2100
1,1,0,", Toronto m5v3a6 ON, Canada",43.6384911,-79.3909892,2100
1,1,0,"126 Simcoe St, Toronto, ON M5V 0H5, Canada",43.6489727,-79.3872946,2200
1,1,0,"40 Alexander St, Toronto, ON M4Y 1B5, Canada",43.6635722,-79.3819958,1725
2,2,0,"920 5 Ave SW, Calgary, AB T2P 5P6, Canada",51.0491572,-114.0822146,2500
1,1,0,"44 Huntley St, Toronto, ON M4Y 2L1, Canada",43.6701358,-79.3787108,1200
3,3,0,"397 Front St W, Toronto, ON M5V 3S1, Canada",43.6425685,-79.3934596,4900
1,1,0,"608 Richmond St W, Toronto, ON M5V 1Y9, Canada",43.6468075,-79.4027979,2150
1,1,0,"200 Sackville St, Toronto, ON M5A 3H1, Canada",43.658981,-79.362919,2600
2,1,0,", Toronto M4C2M4 ON, Canada",43.6923489,-79.3196212,2000
1,2,1,"2121 Lake Shore Blvd W, Etobicoke, ON M8V 4E9, Canada",43.6274471,-79.4783741,2400
1,1,0,", Toronto M5B1Y6 ON, Canada",43.6544596,-79.3758138,1700
2,1,0,"Bathurst St, Toronto, ON M5S 2P9, Canada",43.6582784,-79.4084366,600
2,1,0,"M5V, Canada",43.6289467,-79.3944199,3200
1,1,0,"Dundas St W #401, Toronto, ON M6R 1X7, Canada",43.6535096,-79.3946201,1400
1,1,0,"460 Adelaide St E, Toronto, ON M5A 1N4, Canada",43.6527574,-79.3665108,2300
1,1,0,"Bloor and Parliament Street, M4X1R3, Toronto, ON, Canada",43.6720333,-79.370728,2800
2,1,0,"M9B 1B3, Canada",43.6356022,-79.5412007,2400
1,1,0,"100 Harbour St, Toronto, ON M5J 1B7, Canada",43.6418064,-79.3789807,2300
1,1,0,"100 Harbour St, Toronto, ON M5J 1B7, Canada",43.6418064,-79.3789807,1800
2,1,0,", Toronto M5T 0A9 ON, Canada",43.6525195,-79.3890778,3700
1,1,1,"3 Navy Wharf Ct, Toronto, ON M5V 3V1, Canada",43.6402671,-79.3910061,2500
1,1,0,"38 Elm St, Toronto, ON M5G 2K5, Canada",43.6575994,-79.38364,2300
2,2,0,"54 Alanson St, Hamilton, ON L8N 1W5, Canada",43.2464154,-79.8541384,1950
1,1,0,"Downtown, Toronto, ON, Canada, M5X1K6",43.6486599,-79.3815764,900
1,1,0,"365 Church Street, M5B 1Z9, Toronto, ON",43.660846,-79.3787556,1800
3,2,0,"225 Mutual St, Toronto, ON M5B 2B4, Canada",43.6616535,-79.3775582,3999
3,1,0,"30 Leitch Ave, North York, ON M3J 3P2, Canada",43.766969,-79.4967538,2500
1,1,0,", Toronto M5T 2N7 ON, Canada",43.6554292,-79.4040073,1050
1,1,0,"460 Adelaide St E, Toronto, ON M5A 1N4, Canada",43.6527574,-79.3665108,2000
1,1,0,"155 Wellington St W, Toronto, ON M5V 3K7, Canada",43.6455947,-79.386063,2000
1,1,0,"39 Brant St, Toronto, ON M5V 1S7, Canada",43.6464336,-79.3978064,2500
2,2,0,"21 Carlton St, Toronto, ON M5B 1L3, Canada",43.6611027,-79.3821061,2800
1,1,1,"M5V3Z7, Canada",43.6408637,-79.3957393,2350
1,1,0,"L6Z3M4, Canada",43.7414078,-79.8160169,900
1,1,0,"426 University Ave, Toronto, ON M5G 1S9, Canada",43.6539487,-79.3885701,2100
1,1,0,", Downtown Toronto M5C 2V9 ON, Canada",43.6503241,-79.3779693,1400
1,1,0,"Dan Leckie Way, Toronto, ON M5V, Canada",43.6384219,-79.3975956,2000
1,1,0,"168 Simcoe St, Toronto, ON M5H 4C9, Canada",43.6500917,-79.3873738,3200
1,1,0,"200 Bay St, Toronto, ON M5J 2T6, Canada",43.6465162,-79.3800596,1000
2,2,0,"435 Richmond St W, Toronto, ON M5V 1X9, Canada",43.6476244,-79.3968608,2850
1,1,0,", Toronto M4B 1B3 ON",43.7004274,-79.2961132,1000
1,1,0,"375 King St W, Toronto, ON M5V 1K1, Canada",43.645641,-79.3929534,2400
2,2,0,"88 Park Lawn Rd, Etobicoke, ON M8Y 0B6, Canada",43.6240747,-79.4849171,2350
2,1,0,"355 South Park Rd, Thornhill, ON L3T 7W2, Canada",43.8378274,-79.3879043,2300
1,1,0,"55 Bremner Blvd, Toronto, ON M5J 0A6, Canada",43.6428849,-79.3806168,2300
1,1,0,"L6A0C6, Canada",43.8786049,-79.4879649,2400
1,1.5,1,"99 McGill St, Toronto, ON M5B 1H5, Canada",43.6605397,-79.3786617,2300
2,2,0,"Water Walk Dr, Markham, ON L3R, Canada",43.85631,-79.3286298,2400
1,1,1,"7 King St E, Toronto, ON M5C 3C5, Canada",43.6490665,-79.37693,2500
2,1,0,"M5R3A3, Canada",43.6757718,-79.4114831,1500
1,1,1,"5365 Dundas St W, Etobicoke, ON M9B 1B1, Canada",43.6358692,-79.5401518,1800
1,1,0,"70 Temperance St, Toronto, ON M5H 0B1, Canada",43.6505597,-79.3820722,2200
2,2,0,", toronto m1m4j3 ON, Canada",43.653226,-79.3831843,1750
1,1,1,"King St E, Toronto, ON M5A 1L4, Canada",43.6547882,-79.3597037,1000
1,1.5,1,"38 Dan Leckie Way, Toronto, ON M5V 4B2, Canada",43.6381439,-79.39751,2400
1,1,0,"Queens Quay E, Toronto, ON M5A 1B4, Canada",43.6447757,-79.3665735,4000
1,1,0,", toronto m5b 2m3 ON, Canada",43.661091,-79.3825001,1600
1,1,0,"8 York St, Toronto, ON M5J 2Y2, Canada",43.6406456,-79.380939,4000
3,2,0,"21 Widmer St, Toronto, ON M5V 0B8, Canada",43.6472259,-79.3911003,8000
1,1,1,"1235 Bayly St, Pickering, ON L1W 1L7, Canada",43.8275826,-79.0913806,1700
1,1,0,"140 Kingston Rd #301, Toronto, ON M4L 1S7, Canada",43.670726,-79.3107743,950
1,1,0,", M5A 2V3, Toronto, ON",43.6542281,-79.3670154,700
1,1,0,"39 Queens Quay E, Toronto, ON M5E 0A5, Canada",43.6416207,-79.3717276,2700
1,1,0,", Toronto M5G 1B1 ON",43.6547234,-79.3814004,700
1,2,1,"38 Cedarland Dr, Markham, ON L6G 1E3, Canada",43.8518852,-79.336294,1900
2,2,0,", M9B 1B1, Etobicoke, ON",43.6372559,-79.5382147,2500
1,1,0,"Dundas &amp; Shuter, M5B2R3, Toronto, ON",43.6547069,-79.379245,1650
1,1,0,", Toronto M5S1H8  ON, Canada",43.6655297,-79.3954754,1000
1,1,0,"Maud St, Toronto, ON M5V 2M5, Canada",43.6465801,-79.3998612,1199
1,1,0,"M4Y1T1, Canada",43.6691213,-79.3847434,1500
2,1.5,0,"12 York St, Toronto, ON M5J 2Z2, Canada",43.6418726,-79.3819064,3200
2,2,0,"20 Bruyeres Mews, Toronto, ON M5V 0G8, Canada",43.6375235,-79.400877,3100
1,1,0,"195 Wynford Dr, North York, ON M3C 3P3, Canada",43.723587,-79.3248786,300
2,1,0,"1384 Bathurst St, Toronto, ON M5R 3J1, Canada",43.6805461,-79.4175732,2100
1,1,0,", Toronto M5G 2R3 ON, Canada",43.6599624,-79.3850953,1600
1,1,0,", Toronto M5j 0B1 ON, Canada",43.6420888,-79.3816864,1950
1,1,0,", Mississauga L5B3Z4 ON, Canada",43.5872775,-79.6391576,1950
2,2,0,"55 Regent Park Blvd, M5A2B7, Toronto, ON",43.6594213,-79.3610251,2600
1,1,0,", TORONTO M5G 2K2 ON, Canada",43.658974,-79.3840397,2000
2,2,0,"435 Richmond St West, M5V 0N3, Toronto, ON",43.6476244,-79.3968608,3000
3,2,0,"Maple Crossing Blvd, Burlington, ON L7S 2J3, Canada",43.3228434,-79.8077184,2400
3,1,0,", L7S 1R7, Burlington, ON",43.3252332,-79.8021823,3000
1,1,0,", oakville L6M3V5 ON, Canada",43.4454259,-79.7368328,1200
1,1,0,"Upper Beaches, Toronto, ON, Canada, M4C 1B4",43.6833856,-79.3094088,1800
2,1,0,", Toronto M5B 2L7 ON, Canada",43.653636,-79.3808726,2200
1,1,0,"561 Sherbourne St, Toronto, ON M4X 0A1, Canada",43.6699315,-79.3754627,2150